,Unnamed: 0,x_coord,base,surface,velocity,bmb,smb,tmb,dQdx,dQdy
0,0,0.0,-408.6858943242252,47.68744895604366,120.59969863463915,3.173592957749871,0.8631800023100831,-2.310412955439788,0.32488672545272046,-2.6352996808925084
1,1,334.44816053511704,-408.0364713504164,47.61167113903436,121.19292731148506,3.1750091640431637,0.8506392859237099,-2.324369878119454,0.3471190449202501,-2.671488923039704
2,2,668.8963210702341,-407.3938905246472,47.53669169698714,121.78168240213712,3.180595511564806,0.8408015542430982,-2.339793957321708,0.3648839461460253,-2.7046779034677333
3,3,1003.3444816053512,-406.7578613232799,47.46247673019729,122.3662626968366,3.183083734882435,0.8334978588343844,-2.3495858760480504,0.37112906198612194,-2.720714938034172
4,4,1337.7926421404682,-406.1280932226775,47.388992338960136,122.946966985825,3.1911926382563687,0.8308942727704467,-2.3602983654859218,0.3676241769539157,-2.7279225424398374
5,5,1672.2408026755852,-405.504295699202,47.31620462357096,123.5240940593436,3.203243461710072,0.8301333742991693,-2.3731100874109026,0.35876772598736484,-2.7318778133982673
6,6,2006.6889632107025,-404.88617822921634,47.24407968432507,124.0979427076339,3.2192142392380276,0.8313487460258392,-2.3878654932121886,0.34795822463802734,-2.735823717850216
7,7,2341.1371237458197,-404.2735026043732,47.17258972591915,124.66879686429304,3.2454278346774212,0.8387337220443852,-2.406694112633036,0.3403676927060389,-2.747061805339075
8,8,2675.5852842809363,-403.6662664419388,47.10173447032433,125.23687349249356,3.280307518714837,0.8485570623741836,-2.4317504563406533,0.3308086730780105,-2.7625591294186638
9,9,3010.0334448160534,-403.06453377867047,47.031521389659424,125.80237069341284,3.3131554360680826,0.8604782093407133,-2.4526772267273693,0.3266256007772116,-2.779302827504581
10,10,3344.4816053511704,-402.4681808572368,46.961936043319824,126.36548251143968,3.346687859003762,0.8748533898840883,-2.4718344691196736,0.3269323009355812,-2.7987667700552548
11,11,3678.929765886288,-401.8761850586317,46.89285910716853,126.92638357891111,3.3640309513247892,0.8852789972814205,-2.4787519540433687,0.32118164522773446,-2.799933599271103
12,12,4013.377926421405,-401.28725514944114,46.82413991383876,127.48524272709724,3.366928600289289,0.8930500645843292,-2.47387853570496,0.31082392261477365,-2.7847024583197335
13,13,4347.826086956522,-400.700403830083,46.75566326043493,128.04222379163636,3.359085056428481,0.8953737752787851,-2.463711281149696,0.2980242803813641,-2.76173556153106
14,14,4682.274247491639,-400.1161890423445,46.68749425030623,128.59746521898032,3.3326021947033415,0.8874882621208328,-2.4451139325825086,0.2816752355109127,-2.7267891680934215
15,15,5016.722408026755,-399.53565851772686,46.61975513783721,129.15109740806008,3.2946292203473466,0.8751683530894175,-2.419460867257929,0.2611382653290745,-2.6805991325870036
16,16,5351.170568561873,-398.9596042510696,46.55253833682049,129.70324717628398,3.2465492892170977,0.8592248962923218,-2.387324392924776,0.23404545345119948,-2.621369846375975
17,17,5685.61872909699,-398.3874360610488,46.485774982041626,130.25402201637857,3.192433064431476,0.8403164724226561,-2.35211659200882,0.19928711322046874,-2.5514037052292884
18,18,6020.066889632107,-397.8180992810303,46.41934200989115,130.8035229269409,3.141594898040635,0.8235993577331213,-2.317995540307514,0.16116619151108116,-2.4791617318185954
19,19,6354.515050167223,-397.2506578233935,46.3531301931331,131.3518490195973,3.0937719237001233,0.8080160108272163,-2.285755912872907,0.11783105635942706,-2.403586969232334
20,20,6688.963210702341,-396.68485821062734,46.28710995478414,131.89908860271188,3.048434337954425,0.7937903827223364,-2.2546439552320887,0.07561333236715154,-2.3302572875992404
21,21,7023.411371237458,-396.12069006081344,46.22128008343181,132.44532613732,3.002512695056405,0.7788056869328018,-2.2237070081236032,0.028702909422409904,-2.252409917546013
22,22,7357.859531772575,-395.55820206760063,46.15564626088681,132.99064387658038,2.955700110488699,0.7636202910983946,-2.192079819390304,-0.022126465350931383,-2.169953354039373
23,23,7692.3076923076915,-394.9978016854815,46.09025603091216,133.53511062642033,2.9025524349418053,0.7394998835306107,-2.1630525514111945,-0.07878083512457468,-2.0842717162866196
24,24,8026.755852842809,-394.44003169923633,46.02517272826415,134.0787901202578,2.8377337263524334,0.7078565722324576,-2.129877154119976,-0.13845930128684814,-1.9914178528331279
25,25,8361.204013377926,-393.8852864609095,45.9604423678487,134.62174480569283,2.769594933180982,0.6726898303669036,-2.0969051028140786,-0.20223656823817082,-1.8946685345759078
26,26,8695.652173913044,-393.3329947798227,45.89599830037184,135.16402884085895,2.699857114732147,0.6346108043903508,-2.0652463103417964,-0.27415377013107944,-1.791092540210717
27,27,9030.10033444816,-392.7821998698985,45.83172888340141,135.7056930734405,2.6343223609735524,0.5944086745266793,-2.039913686446873,-0.34717522752567265,-1.6927384589212005
28,28,9364.548494983275,-392.2320877288013,45.76753913520359,136.24678746045845,2.566788805140132,0.5468730867321905,-2.0199157184079417,-0.42274283554503234,-1.5971728828629095
29,29,9698.996655518396,-391.6828385520148,45.70345008185991,136.78735586071812,2.4962232315629187,0.49827653691323787,-1.9979466946496807,-0.5014432034464659,-1.4965034912032147
30,30,10033.44481605351,-391.1350526690012,45.639531772718726,137.32743955600498,2.4302636702506195,0.45123391628103254,-1.979029753969587,-0.581858815768295,-1.3971709382012918
31,31,10367.892976588628,-390.5892580301194,45.57584581158423,137.8670789024262,2.3666078239536588,0.4034652117154673,-1.9631426122381914,-0.656738819211247,-1.3064037930269445
32,32,10702.341137123743,-390.0454331202585,45.51238968796905,138.4063074389956,2.295850953064132,0.3471651763279893,-1.9486857767361423,-0.736098069464405,-1.2125877072717373
33,33,11036.789297658865,-389.50330877517854,45.44913199448644,138.94515563220045,2.2149750073873813,0.2816764268146053,-1.933298580572776,-0.8049923566684667,-1.1283062239043093
34,34,11371.23745819398,-388.9626109628088,45.38604075574754,139.48365352742465,2.1247746657345368,0.20710331268249718,-1.9176713530520395,-0.8692551294136467,-1.0484162236383927
35,35,11705.685618729096,-388.423036537763,45.323080599280914,140.02182794731124,2.035165203237244,0.1294482800518549,-1.905716923185389,-0.927261962865034,-0.978454960320355
36,36,12040.133779264212,-387.8842684841277,45.2602145341348,140.55970417908512,1.94075948286933,0.04154235227477431,-1.8992171305945558,-0.9786997146465285,-0.9205174159480273
37,37,12374.581939799333,-387.3460567007155,45.19741337729173,141.09730709411443,1.849911307476697,-0.050141106420270455,-1.9000524138969674,-1.0272180575589553,-0.8728343563380121
38,38,12709.030100334448,-386.8087185311403,45.13471415794106,141.63465812151847,1.755083014395691,-0.14523570519080983,-1.9003187195865008,-1.0711993753661861,-0.8291193442203146
39,39,13043.478260869564,-386.2728569680477,45.07218723618436,142.17177695760472,1.654259892562344,-0.2445052801705291,-1.8987651727328732,-1.1110333319353118,-0.7877318407975613
40,40,13377.926421404682,-385.738992178722,45.0098933076589,142.7086829429084,1.544931685483183,-0.3476668443343762,-1.8925985298175592,-1.147353761467871,-0.7452447683496881
41,41,13712.3745819398,-385.2068749567784,44.94780329375708,143.24539231694737,1.4329192400839024,-0.4490195330237987,-1.881938773107701,-1.1845989488063964,-0.6973398243013047
42,42,14046.822742474917,-384.6758470543792,44.88584038693406,143.78191967056728,1.3350224385843976,-0.5365597285385779,-1.8715821671229755,-1.217454698021706,-0.6541274691012695
43,43,14381.270903010032,-384.1453031411846,44.82393395431485,144.31827944547862,1.2459040085643283,-0.605165899516804,-1.8510699080811321,-1.2523380566911502,-0.598731851389982
44,44,14715.71906354515,-383.6151870826043,44.76207744584364,144.85448478668616,1.1666491280467048,-0.6614449357402717,-1.8280940637869767,-1.2805753379205482,-0.5475187258664285
45,45,15050.167224080267,-383.0857509936959,44.70030027952607,145.39054811138698,1.0946670607011757,-0.704289223027416,-1.7989562837285917,-1.3020854156911343,-0.4968708680374574
46,46,15384.615384615385,-382.5572398883504,44.63863104476928,145.9264816393672,1.0398366052992394,-0.7315068539918025,-1.7713434592910418,-1.3194628885412187,-0.451880570749823
47,47,15719.0635451505,-382.029789652333,44.57708559738231,146.46229562542882,0.9927842876710681,-0.7480810640135057,-1.7408653516845738,-1.33596052360916,-0.4049048280754137
48,48,16053.511705685618,-381.5034715324135,44.51567225078318,146.9979991604703,0.9673594132450639,-0.7554408194397332,-1.722800232684797,-1.3463289907459868,-0.3764712419388103
49,49,16387.959866220735,-380.9783336301847,44.4543966176987,147.5336012159987,0.9490737901164025,-0.7593037288984107,-1.7083775190148132,-1.3554378381031449,-0.3529396809116683
50,50,16722.408026755853,-380.4541757360913,44.393235336708535,148.06910960360582,0.9380794657376217,-0.7547030370433816,-1.6927825027810033,-1.3627702119051508,-0.3300122908758525
51,51,17056.85618729097,-379.9306424779981,44.33214694127128,148.6045314100857,0.9370543812230641,-0.7441850426141943,-1.6812394238372583,-1.3673127911146836,-0.3139266327225747
52,52,17391.304347826088,-379.4074116062767,44.27109382973998,149.1398736588035,0.9355197275724758,-0.7362399991261102,-1.671759726698586,-1.364981080783801,-0.306778645914785
53,53,17725.7525083612,-378.88458560303553,44.21008796022329,149.67514274647945,0.9304916799713236,-0.7212991304948779,-1.6517908104662016,-1.3603296563603928,-0.29146115410580875
54,54,18060.20066889632,-378.3625468502088,44.14917395089672,150.21034465687228,0.917367252248632,-0.707811564263465,-1.625178816512097,-1.3522342087242978,-0.2729446077877993
55,55,18394.64882943144,-377.8416535549577,44.08839359910624,150.74548528154335,0.8948938076093422,-0.6926979442715893,-1.5875917518809315,-1.3425877800183688,-0.24500397186256273
56,56,18729.096989966554,-377.32188886134577,44.02774493801955,151.2805694180309,0.8735653716374568,-0.674614926634267,-1.5481802982717239,-1.3337983930434183,-0.21438190522830558
57,57,19063.54515050167,-376.8029753172632,43.96719559318113,151.81560110373937,0.8554754953667213,-0.6568457666124955,-1.5123212619792168,-1.3267057246622653,-0.18561553731695146
58,58,19397.99331103679,-376.2846389701032,43.906713598474354,152.35058433436393,0.8380667795815449,-0.6389012457474632,-1.476968025329008,-1.3209095831033462,-0.1560584422256619
59,59,19732.441471571907,-375.76672762795977,43.84628119541073,152.8855227392632,0.816123686233181,-0.6295363821604024,-1.4456600683935834,-1.3186419761309591,-0.12701809226262428
60,60,20066.88963210702,-375.2491782732789,43.78589103079695,153.4204196795002,0.7937523886373511,-0.62371706677719,-1.417469455414541,-1.3172941636219186,-0.10017529179262241
61,61,20401.337792642134,-374.7319440069553,43.72553763221829,153.95527849550783,0.7611745282027819,-0.6267672742175708,-1.3879418024203527,-1.315235097318743,-0.0727067051016097
62,62,20735.785953177256,-374.2151918595933,43.66524048961444,154.4901023076566,0.7180866582589059,-0.6349505951456108,-1.3530372534045167,-1.3051259641195783,-0.047911289284938485
63,63,21070.234113712373,-373.69925527841343,43.60503851122158,155.02489406513013,0.6666588783498962,-0.6489453048719384,-1.3156041832218346,-1.2890597462994697,-0.026544436922364856
64,64,21404.68227424749,-373.1844467793513,43.54496816291226,155.55965666446522,0.6099195449649091,-0.6694473799833087,-1.2793669249482178,-1.261350619001395,-0.018016305946822797
65,65,21739.130434782608,-372.6706618338106,43.48501724778375,156.09439220910022,0.5503266895056238,-0.6924061822387804,-1.2427328717444042,-1.22250789108948,-0.020224980654924174
66,66,22073.57859531773,-372.1574540922569,43.42513368361118,156.6291021524282,0.48564308790820954,-0.7171879508756388,-1.2028310387838483,-1.179388417201891,-0.023442621581957424
67,67,22408.026755852843,-371.6443887970309,43.36526674076583,157.16378794126342,0.4193556561823967,-0.7431789349662444,-1.162534591148641,-1.1323296846581785,-0.03020490649046259
68,68,22742.47491638796,-371.1314191820811,43.30541096235838,157.69845124787,0.3485757030978971,-0.7714873460716001,-1.1200630491694972,-1.0807332957166986,-0.039329753452798544
69,69,23076.923076923074,-370.61883350094536,43.245599983207306,158.2330939391815,0.2702991342168982,-0.8024850085936094,-1.0727841428105076,-1.0254192101751665,-0.04736493263534114
70,70,23411.371237458192,-370.1069218579759,43.18586765409309,158.76771786690716,0.20573305369458117,-0.825016030304881,-1.0307490839994622,-0.9669962958673776,-0.06375278813208463
71,71,23745.81939799331,-369.5957957458588,43.12622698452218,159.3023244610333,0.14062622900021993,-0.8440816773964229,-0.9847079063966429,-0.9018476055369138,-0.08286030085972906
72,72,24080.267558528427,-369.0854041975648,43.06667202741482,159.8369147679598,0.08079165555956669,-0.8559162506817918,-0.9367079062413585,-0.8345393000070305,-0.102168606234328
73,73,24414.715719063544,-368.5756855086616,43.00719558279907,160.37148980583837,0.025154182623501775,-0.8645833011773542,-0.8897374838008559,-0.7648753431568784,-0.12486214064397749
74,74,24749.163879598666,-368.0664752164649,42.94777846037263,160.90605028845889,-0.029303877681909007,-0.8712824380046792,-0.8419785603227702,-0.6926501157941194,-0.1493284445286508
75,75,25083.61204013378,-367.5575104090547,42.888389982299685,161.4405966380121,-0.0887853485834117,-0.8754847989230039,-0.7866994503395922,-0.6188847992764264,-0.16781465106316584
76,76,25418.060200668893,-367.0485396524615,42.82900081004726,161.9751292824546,-0.14734388224345474,-0.874940641658743,-0.7275967594152882,-0.5540456589898105,-0.17355110042547772
77,77,25752.50836120401,-366.5396724019058,42.769623715380455,162.5096490586165,-0.21671273842840177,-0.8750284001692025,-0.6583156617408007,-0.4957976047467947,-0.162518056994006
78,78,26086.95652173913,-366.0313822929734,42.7103139643927,163.04415721593054,-0.28734790000966437,-0.8715815139832389,-0.5842336139735745,-0.44204001690345657,-0.14219359707011797
79,79,26421.40468227425,-365.52414167482885,42.65112667307158,163.5786549923817,-0.3606421030499769,-0.8602579943755307,-0.49961589132555384,-0.3941693383834627,-0.10544655294209115
80,80,26755.852842809363,-365.0179755885392,42.59206476333004,164.11314286205686,-0.4304388632315508,-0.843943159324137,-0.4135042960925862,-0.3523822103623377,-0.06112208573024852
81,81,27090.30100334448,-364.51243363143607,42.533075680003954,164.64762048709585,-0.49327116411886957,-0.8163359918724498,-0.3230648277535802,-0.31171710621836135,-0.011347721535218847
82,82,27424.7491638796,-364.0070528151222,42.47410539936536,165.18208750288116,-0.5474464516721589,-0.7830874952004724,-0.23564104352831347,-0.2706852618705911,0.03504421834227764
83,83,27759.19732441472,-363.5016668073425,42.41513451296139,165.71654390167436,-0.6006563017447358,-0.7487558820022735,-0.1480995802575377,-0.23261267611319028,0.08451309585565259
84,84,28093.645484949837,-362.996441410046,42.35618236736627,166.25099007529624,-0.6453339556798945,-0.7051390679409001,-0.059805112261005565,-0.20192546198660571,0.14212034972560014
85,85,28428.093645484947,-362.4915590225135,42.29727024581121,166.7854264333322,-0.6840829383197845,-0.6525108969562334,0.031572041363551046,-0.17561400716168601,0.20718604852523706
86,86,28762.541806020065,-361.9871718790443,42.2384159117314,167.31985327951529,-0.7160397591002392,-0.5948847089554754,0.12115505014476374,-0.1540254724373198,0.27518052258208353
87,87,29096.989966555186,-361.4833966373085,42.17963297730857,167.85427079273623,-0.7398347320325608,-0.5282177606192887,0.21161697141327204,-0.13128217808920184,0.3428991495024739
88,88,29431.4381270903,-360.9803427837803,42.12093421795469,168.38867913442712,-0.755954819164582,-0.4567951403251418,0.2991596788394401,-0.1172033219670028,0.4163630008064429
89,89,29765.886287625417,-360.4779391430739,42.06231132858108,168.9230781037179,-0.7723273475033826,-0.3844743461577443,0.3878530013456383,-0.1020376215958359,0.48989062294147423
90,90,30100.33444816053,-359.97589005921986,42.00372981061774,169.45746704956125,-0.7849315378402599,-0.3093023582101151,0.4756291796301448,-0.0877541509835448,0.5633833306136896
91,91,30434.78260869565,-359.47389246703005,41.94515430095111,169.99184530179195,-0.7889629859413564,-0.22948034310220855,0.5594826428391478,-0.07730514087232723,0.636787783711475
92,92,30769.23076923077,-358.97190952369647,41.88658050058394,170.52621255255636,-0.7874823092107481,-0.14949082814422182,0.6379914810665264,-0.06486010860260752,0.7028515896691339
93,93,31103.678929765883,-358.47025569697746,41.828045103136894,171.06056897211195,-0.785351708927877,-0.07309837900111243,0.7122533299267646,-0.05609318701591403,0.7683465169426786
94,94,31438.127090301,-357.96926463474045,41.76958704025865,171.59491475437295,-0.7805358693815999,-0.005152588674812684,0.7753832807067872,-0.04828944909836414,0.8236727298051514
95,95,31772.57525083612,-357.4690487250567,41.711219425933486,172.12924968071638,-0.7757922317749995,0.05910237158206217,0.8348946033570617,-0.03211734692463783,0.8670119502816995
96,96,32107.02341137124,-356.9694126351374,41.65291946778587,172.66357295877606,-0.7672164611412279,0.1175146560253549,0.8847311171665828,-0.014646489937742813,0.8993776071043256
97,97,32441.471571906357,-356.47013966678867,41.5946618804213,173.19788375448252,-0.7546763937138361,0.1759691828771637,0.9306455765909998,0.008270703891875326,0.9223748726991244
98,98,32775.91973244147,-355.9710845346918,41.53642971124536,173.73218127002397,-0.7350068332140439,0.2293088519361399,0.9643156851501838,0.03335214910302013,0.9309635360471638
99,99,33110.36789297659,-355.4722066508783,41.47821822425731,174.26646476074572,-0.7217679215141267,0.2747263917481634,0.9964943132622901,0.059833698640330286,0.9366606146219598
100,100,33444.816053511706,-354.9734755259431,41.42002386180576,174.80073348809165,-0.7070928481434234,0.3169688775117724,1.0240617256551958,0.08877535984512556,0.9352863658100703
101,101,33779.26421404682,-354.47496540143266,41.36185528675382,175.33498682454723,-0.6925665918120725,0.3570120931015857,1.0495786849136581,0.12195665137435881,0.9276220335392993
102,102,34113.71237458194,-353.9769124203623,41.3037400534119,175.8692243142553,-0.6712641179343923,0.3995507251072705,1.0708148430416629,0.15497859364188316,0.9158362493997797
103,103,34448.16053511706,-353.4795636913951,41.24570699561529,176.40344551024026,-0.6426489561308208,0.4412459029484446,1.0838948590792654,0.18879695191912318,0.8950979071601423
104,104,34782.608695652176,-352.98296530540483,41.18776149147031,176.93764956287114,-0.6095436153111244,0.48295629177648286,1.0924999070876074,0.22632535036518467,0.8661745567224227
105,105,35117.056856187286,-352.48683559531906,41.129870674699134,177.47183496599024,-0.5736536542469493,0.5212075920860764,1.0948612463330256,0.27533905865066816,0.8195221876823575
106,106,35451.5050167224,-351.9908649217047,41.071998415073466,178.00600015538734,-0.5338306063386965,0.5585681461006392,1.0923987524393357,0.31919267376044624,0.7732060786788895
107,107,35785.95317725752,-351.49492177503106,41.01412936742452,178.54014376011682,-0.4854489338975285,0.5991250007068942,1.0845739346044228,0.3602379389472882,0.7243359956571345
108,108,36120.40133779264,-350.99918108135813,40.956283942971936,179.07426474170438,-0.434485077232315,0.6363401178822445,1.0708251951145595,0.4012630033601686,0.6695621917543909
109,109,36454.84949832776,-350.5038471625498,40.89848598298011,179.60836209242285,-0.3895856597231647,0.6742556427117031,1.0638413024348679,0.44360546731777317,0.6202358351170947
110,110,36789.29765886287,-350.0090419015191,40.8407497093375,180.14243460508274,-0.3440190791206992,0.7064693703270624,1.0504884494477615,0.48989853135919464,0.560589918088567
111,111,37123.74581939799,-349.5147374980585,40.78307187818127,180.6764807103345,-0.30659715838449053,0.7328377135314511,1.0394348719159416,0.5315807099947308,0.5078541619212108
112,112,37458.19397993311,-349.0208901247013,40.72544737551037,181.210498799222,-0.2717867233197241,0.7530749113110301,1.0248616346307542,0.5739342778962214,0.45092735673453277
113,113,37792.64214046823,-348.52743279139014,40.66786838460055,181.7444871111013,-0.24666943513344763,0.7618396437615879,1.0085090788950355,0.6178153247817579,0.39069375411327756
114,114,38127.09030100334,-348.03425410296165,40.61032190732482,182.27844359452612,-0.23210125133688253,0.7636778348387522,0.9957790861756347,0.6647333505245282,0.3310457356511065
115,115,38461.53846153846,-347.54123837934395,40.552794445572246,182.81236616556285,-0.21994597854214704,0.7641944679217939,0.9841404464639409,0.7072078090645301,0.2769326373994109
116,116,38795.98662207358,-347.04837413963514,40.49528465969565,183.34625279678124,-0.21882692627309874,0.7599935416998822,0.978820467972981,0.7407359325745293,0.23808453539845165
117,117,39130.434782608696,-346.555860909049,40.43781583126302,183.88010157517243,-0.22293098593916438,0.7567710740968348,0.9797020600359991,0.7734810206521844,0.20622103938381475
118,118,39464.88294314381,-346.0639230004031,40.38041413418004,184.41391059996465,-0.23009039637225304,0.7520752867511933,0.9821656831234463,0.7984187684470434,0.18374691467640292
119,119,39799.33110367893,-345.5726600294659,40.32309119209684,184.94767769005537,-0.23821466923664403,0.7466975018450837,0.9849121710817277,0.820081025195748,0.1648311458859797
120,120,40133.77926421404,-345.0819047648163,40.265827491641545,185.48140006444444,-0.24968112730593028,0.7426272774557605,0.9923084047616908,0.8372739282551835,0.15503447650650726
121,121,40468.22742474916,-344.5914559097069,40.208599544535,186.01507486462663,-0.2603958009942854,0.7376509234221387,0.9980467244164241,0.8466826481877968,0.15136407622862724
122,122,40802.67558528428,-344.10119264325783,40.15139325281194,186.5486991959756,-0.2718012930720156,0.7347680737808909,1.0065693668529065,0.8528894670030523,0.1536798998498542
123,123,41137.123745819394,-343.6111777554548,40.0942159431119,187.0822700814513,-0.2858807658386425,0.728342332523476,1.0142230983621185,0.8489348436658917,0.16528825469622688
124,124,41471.57190635451,-343.1214994897754,40.03707791211114,187.6157845322516,-0.3044799956054023,0.7188942105322094,1.0233742061376117,0.8454802445362781,0.17789396160133353
125,125,41806.02006688963,-342.6322362121203,39.97998830392238,188.1492394586782,-0.3276069040406109,0.7017686476872185,1.0293755517278294,0.8413134055331858,0.18806214619464356
126,126,42140.468227424746,-342.14344244878976,39.92295348093835,188.68263152751987,-0.3576531559885755,0.6832884894502543,1.0409416454388298,0.8405405441897108,0.20040110124911903
127,127,42474.91638795986,-341.65516911466244,39.86597938415359,189.21595736911476,-0.39283552801513033,0.6571723757033778,1.0500079037185082,0.846032061605588,0.2039758421129202
128,128,42809.36454849498,-341.1674298662836,39.80906760707994,189.7492134217111,-0.43534824828427143,0.6245056630564705,1.059853911340742,0.856394052307414,0.20345985903332786
129,129,43143.8127090301,-340.6801431897992,39.75220863828624,190.28239563289512,-0.48147124465698765,0.5872757260300864,1.068746970687074,0.8761599524608946,0.1925870182261794
130,130,43478.260869565216,-340.1932126819541,39.69539122897389,190.81549987291643,-0.5223532712042702,0.5478197734417785,1.0701730446460487,0.8992414733488087,0.17093157129724001
131,131,43812.70903010033,-339.70659676123853,39.638610527211,191.34852193844245,-0.5634256735856765,0.5026690301597078,1.0660947037453843,0.929524277507303,0.13657042623808124
132,132,44147.15719063545,-339.2204021243238,39.5818789828818,191.8814574271201,-0.605951092354154,0.4536500981358457,1.0596011904899998,0.959936810636721,0.0996643798532788
133,133,44481.60535117057,-338.7347602490097,39.525211937452575,192.4143019031592,-0.6443240517700592,0.40579791546455074,1.05012196723461,0.9881311660495843,0.06199080118502576
134,134,44816.053511705686,-338.2497622919091,39.46862002751824,192.9470508153084,-0.6778429031699784,0.3587282742201438,1.0365711773901223,1.0107493548527646,0.025821822537357653
135,135,45150.5016722408,-337.7653838735469,39.41210040836365,193.47969928147572,-0.7067794783705288,0.3127210917036962,1.019500570074225,1.0295272141888556,-0.010026644114630612
136,136,45484.94983277592,-337.2815800600647,39.35564783688864,194.0122423605968,-0.7380977005819434,0.2623796676867353,1.0004773682686787,1.039551676487389,-0.039074308218710385
137,137,45819.39799331103,-336.7983206640073,39.29925879067474,194.54467496574847,-0.7663548313353001,0.21110335607872027,0.9774581874140205,1.039871387993872,-0.06241320057985145
138,138,46153.84615384615,-336.31562028343075,39.242934973093824,195.0769915670296,-0.7981573809791113,0.15385814604319822,0.9520155270223095,1.0324655814461894,-0.08045005442387987
139,139,46488.29431438127,-335.83350199293164,39.18667907660156,195.60918655074283,-0.8296919682751487,0.09402781472408575,0.9237197829992344,1.0187746606733434,-0.09505487767410903
140,140,46822.742474916384,-335.3520080162065,39.130496028063305,196.14125426378357,-0.8591177773971459,0.0375856920611962,0.8967034694583421,0.9959747451065906,-0.09927127564824845
141,141,47157.1906354515,-334.8712422451157,39.07439795008433,196.6731889261379,-0.8768000370467608,-0.016068395246304497,0.8607316418004562,0.9674277273814428,-0.10669608558098653
142,142,47491.63879598662,-334.3913209577606,39.01839841055653,197.20498473228395,-0.889580672053099,-0.06981103135760751,0.8197696406954915,0.9336743799488917,-0.11390473925340017
143,143,47826.086956521736,-333.91233054702354,38.96250749021971,197.7366357927301,-0.8878920284902124,-0.1155946832543689,0.7722973452358435,0.8900704130946131,-0.11777306785876962
144,144,48160.53511705685,-333.4342553109572,38.90672335689464,198.26813593112544,-0.8790186832441791,-0.1581931925154397,0.7208254907287394,0.8361778951278499,-0.11535240439911054
145,145,48494.98327759197,-332.9570577655025,38.8510416367598,198.79947890991264,-0.8601109255773638,-0.19660843715373558,0.6635024884236282,0.7782178917904878,-0.11471540336685959
146,146,48829.43143812709,-332.4807303093204,38.795461442854126,199.3306584363138,-0.8253914256609489,-0.22468900929447758,0.6007024163664714,0.7192525594436582,-0.11855014307718681
147,147,49163.879598662206,-332.005373670198,38.739994528583566,199.86166801736783,-0.7881197726774041,-0.25370563890672587,0.5344141337706781,0.6550246146369278,-0.1206104808662497
148,148,49498.32775919733,-331.5311131157485,38.68465551077975,200.39250111476653,-0.7403929807801848,-0.2801104630641533,0.4602825177160314,0.5892786574089408,-0.1289961396929094
149,149,49832.77591973244,-331.0580647066823,38.62945793196833,200.92315124478037,-0.6854323010542274,-0.3079743782625837,0.37745792279164364,0.5247778179754653,-0.14731989518382166
150,150,50167.22408026756,-330.5863090780803,38.57441120104095,201.45361213368432,-0.627326489903169,-0.3360210142049286,0.2913054756982404,0.4585815389649529,-0.16727606326671252
151,151,50501.67224080268,-330.11591834586625,38.51952373283277,201.98387755825576,-0.5570490432085711,-0.3605594870372553,0.19648955617131578,0.3888412687758514,-0.19235171260453562
152,152,50836.12040133779,-329.64696419578826,38.46480389198398,202.5139413017098,-0.49046078406218657,-0.3930569411678854,0.09740384289430115,0.3100987353932744,-0.21269489249897328
153,153,51170.5685618729,-329.17951654075455,38.41025983627119,203.0437971737948,-0.4113187983473952,-0.42026216790022874,-0.008943369552833553,0.22571905532705258,-0.23466242487988614
154,154,51505.01672240802,-328.7136448370348,38.35589967018829,203.57343899109293,-0.32878928823404774,-0.44805189691487707,-0.11926260868082934,0.13366745197135949,-0.2529300606521888
155,155,51839.46488294314,-328.24943569814195,38.301733500219335,204.10286067254825,-0.22921952356533276,-0.4625721810308885,-0.23335265746555572,0.0407204678790706,-0.2740731253446263
156,156,52173.91304347826,-327.78705079933434,38.24778019141627,204.63205658492777,-0.13522724681196047,-0.4787932028266164,-0.34356595601465595,-0.053096797726158426,-0.2904691582884975
157,157,52508.361204013374,-327.32667233743445,38.19406100338652,205.16102121743216,-0.03556240280261197,-0.4876043245335914,-0.45204192173097946,-0.13564966805624346,-0.316392253674736
158,158,52842.80936454849,-326.86846896365574,38.14059561517025,205.68974922609917,0.06057627509947511,-0.4960051262180866,-0.5565814013175617,-0.21311398646788832,-0.3434674148496734
159,159,53177.25752508361,-326.4125464096311,38.087396364046334,206.21823604188563,0.16091588932853051,-0.5029615976706725,-0.663877486999203,-0.28443280789745745,-0.37944467910174556
160,160,53511.70568561873,-325.95899215233896,38.03447345725215,206.74647732057383,0.2598925666872969,-0.5047113034914886,-0.7646038701787855,-0.34452862203382356,-0.42007524814496194
161,161,53846.15384615384,-325.50790707502625,37.98183866633344,207.27446888597447,0.3706679511937316,-0.49937941780237644,-0.870047368996108,-0.39693271520731144,-0.4731146537887966
162,162,54180.60200668896,-325.05945819586475,37.92951147977915,207.8022073905688,0.47858326443640936,-0.487688371533511,-0.9662716359699204,-0.43599790883656153,-0.5302737271333589
163,163,54515.05016722408,-324.6138328883032,37.87751376123053,208.3296897418897,0.5964048769803418,-0.46285094658179293,-1.0592558235621348,-0.4660548334322199,-0.5932009901299149
164,164,54849.4983277592,-324.17122010016976,37.82586755803503,208.85691310334167,0.7177590819978169,-0.4346220937680697,-1.1523811757658866,-0.4847761470320234,-0.6676050287338633
165,165,55183.94648829432,-323.7318169984509,37.77459587659127,209.38387597854663,0.8444062311923425,-0.3911019558076557,-1.2355081869999982,-0.489366144312106,-0.7461420426878922
166,166,55518.39464882943,-323.29582343277235,37.723722036321256,209.91057730855823,0.9770227071841866,-0.34882284677448255,-1.325845553958669,-0.4840028421483603,-0.8418427118103088
167,167,55852.84280936455,-322.8634355964569,37.67326893001183,210.4370163173357,1.1142453434206019,-0.30081230655354974,-1.4150576499741516,-0.46884044642715705,-0.9462172035469946
168,168,56187.29096989967,-322.4348293187655,37.62325707427247,210.96319380250327,1.2490628225028662,-0.2544972367531618,-1.503560059256028,-0.4508002783991547,-1.0527597808568734
169,169,56521.73913043478,-322.01017338370565,37.57370616363845,211.48911110611908,1.38574700429706,-0.20403454915666894,-1.589781553453729,-0.42432075347658704,-1.1654607999771418
170,170,56856.18729096989,-321.589646468777,37.52463704706554,212.01476989786417,1.5204103091500074,-0.1482023571259583,-1.6686126662759657,-0.3947061353405191,-1.2739065309354465
171,171,57190.63545150501,-321.1734858464849,37.476077410658505,212.5401737833573,1.643847469966068,-0.09374103147616737,-1.7375885014422352,-0.3651152630885203,-1.3724732383537148
172,172,57525.08361204013,-320.76195026687145,37.428057446625104,213.06532707782043,1.7621108921566229,-0.04020848944970219,-1.802319381606325,-0.33384272222370737,-1.4684766593826177
173,173,57859.53177257525,-320.3552928349161,37.380606688479816,213.5902344097537,1.8802437062987296,0.018548601317778322,-1.8616951049809514,-0.3020691359206691,-1.5596259690602823
174,174,58193.97993311037,-319.9537309140719,37.33375049924281,214.1149023730744,1.9930850697706932,0.0781869774170548,-1.9148980923536385,-0.2709946103282821,-1.6439034820253564
175,175,58528.42809364548,-319.5574679946359,37.28751262314722,214.63933832458147,2.0908213690621706,0.12670004436961224,-1.9641213246925584,-0.24074546330555532,-1.7233758613870032
176,176,58862.8762541806,-319.1667094777945,37.241917027398,215.1635500174753,2.180688388842301,0.17261973644277917,-2.0080686523995217,-0.21440961410308346,-1.7936590382964384
177,177,59197.32441471572,-318.781673773395,37.19698919711367,215.68754784961612,2.2567142371310496,0.20473238919267808,-2.0519818479383716,-0.17800429306190374,-1.8739775548764679
178,178,59531.772575250834,-318.40258463566283,37.15275524102059,216.2113433053761,2.315700257995797,0.22941435816466285,-2.0862858998311338,-0.13648712124562043,-1.9497987785855133
179,179,59866.22073578595,-318.029668732278,37.10924160780122,216.73494818287125,2.361539492577154,0.2477297426254683,-2.1138097499516855,-0.08900543597710317,-2.0248043139745824
180,180,60200.66889632107,-317.66317340501786,37.066477158491686,217.2583764953912,2.3955090829977337,0.26092394356831344,-2.1345851394294204,-0.030554470779718266,-2.104030668649702
181,181,60535.11705685619,-317.3033549810879,37.02449180259147,217.78164321898973,2.4185924201180926,0.275057063245145,-2.1435353568729476,0.029916881172829736,-2.1734522380457775
182,182,60869.5652173913,-316.95046175082456,36.98331451181919,218.3047636501034,2.4348127366476913,0.28795690542041813,-2.146855831227273,0.10090004612972395,-2.247755877356997
183,183,61204.01337792642,-316.6046799939723,36.94296702219738,218.82775551572183,2.443811419777094,0.3015110774473855,-2.1423003423297087,0.17492174868507768,-2.3172220910147865
184,184,61538.46153846153,-316.26616725337294,36.90346771658764,219.35063766919947,2.441143834672357,0.3128068054781225,-2.1283370291942343,0.24773391389677943,-2.3760709430910136
185,185,61872.90969899665,-315.9350839091842,36.86483530892331,219.87342931614603,2.4322085269662432,0.32832999656095074,-2.1038785304052925,0.3181597081197262,-2.4220382385250185
186,186,62207.35785953177,-315.6116148826942,36.82709137671564,220.3961524987263,2.4166788321525763,0.3443820777160366,-2.0722967544365396,0.3897937512393239,-2.4620905056758637
187,187,62541.80602006688,-315.2959571143435,36.79025889992881,220.9188306483234,2.394720896284587,0.36334803668410565,-2.031372859600481,0.46250257431065933,-2.4938754339111404
188,188,62876.254180602,-314.9883025514083,36.75436027590038,221.44148735676163,2.351655956291949,0.37077847745556236,-1.9808774788363863,0.535472450944142,-2.516349929780528
189,189,63210.70234113712,-314.68879870826555,36.71941271732212,221.96414753713512,2.3087105026435184,0.37960469499322397,-1.9291058076502943,0.6019050548577742,-2.5310108625080687
190,190,63545.15050167224,-314.3975701115189,36.685430754561054,222.48683678610885,2.2606888377934737,0.3867340837155193,-1.8739547540779546,0.6658260355501103,-2.539780789628065
191,191,63879.59866220736,-314.1147357904388,36.6524282765288,223.00958096086225,2.214244506438236,0.3940128010607141,-1.8202317053775219,0.7237077250727608,-2.5439394304502825
192,192,64214.04682274247,-313.840365118864,36.62041337810078,223.5324083036465,2.1699985010476968,0.4001237254034523,-1.7698747756442446,0.7747005631839504,-2.544575338828195
193,193,64548.49498327759,-313.574500344328,36.58939098892375,224.0553483596556,2.1208783692578157,0.40065060812436337,-1.7202277611334524,0.821579909168288,-2.5418076703017407
194,194,64882.94314381271,-313.31718354722824,36.55936601914221,224.5784308065173,2.0760490310419484,0.3998143586556079,-1.6762346723863406,0.8659877179359097,-2.5422223903222503
195,195,65217.391304347824,-313.0684578905613,36.53034350522359,225.10168651689008,2.029881910035925,0.39739460545984523,-1.6324873045760795,0.9037290291059888,-2.5362163336820682
196,196,65551.83946488294,-312.8283671615672,36.50232855647509,225.6251470525055,1.9887001960264374,0.3911589459449271,-1.5975412500815103,0.931037800962649,-2.5285790510441593
197,197,65886.28762541806,-312.5969467852224,36.47532530645448,226.1488439832959,1.9590703008925163,0.3919128401118251,-1.5671574607806913,0.9573581069778146,-2.524515567758506
198,198,66220.73578595318,-312.37414223056135,36.44932739222468,226.6728088780417,1.9437870629003218,0.3959446614700839,-1.5478424014302379,0.9829937126834153,-2.530836114113653
199,199,66555.1839464883,-312.1598442370481,36.42432206473732,227.19707330482305,1.9274943757728416,0.39618271158851825,-1.5313116641843234,1.0072508878493038,-2.5385625520336275
200,200,66889.63210702341,-311.953940462445,36.40029621535616,227.72166891738632,1.9130976886570255,0.39215794036485313,-1.5209397482921723,1.02646881532298,-2.547408563615152
201,201,67224.08026755853,-311.7562919362131,36.37723362832581,228.2466283582967,1.8962580736925154,0.3839065220537803,-1.5123515516387351,1.0367427949038888,-2.549094346542624
202,202,67558.52842809365,-311.5667425995114,36.355116093945135,228.77198490467845,1.879776347330457,0.3698804744839831,-1.5098958728464738,1.0397610369055983,-2.549656909752072
203,203,67892.97658862876,-311.38513367584864,36.33392508540432,229.29777172020965,1.8575040762005892,0.3439105531488466,-1.5135935230517426,1.030178735392962,-2.5437722584447044
204,204,68227.42474916388,-311.2112761363157,36.31363854589502,229.82402043081171,1.8318453754784803,0.30912545063258595,-1.5227199248458942,1.0146565166195778,-2.5373764414654723
205,205,68561.872909699,-311.0449604804799,36.29423202989239,230.35076162182,1.8154398250112918,0.2707001181159395,-1.5447397068953523,0.9907269435668559,-2.535466650462208
206,206,68896.32107023412,-310.8859702839646,36.275680283952205,230.8780257786556,1.7910906695765276,0.2235883226031495,-1.5675023469733782,0.9586124289072452,-2.5261147758806235
207,207,69230.76923076923,-310.7340016701756,36.25794785028217,231.40584231309435,1.7658593538655696,0.17686811102879063,-1.588991242836779,0.9184877141078515,-2.5074789569446305
208,208,69565.21739130435,-310.5886883773312,36.24099199168421,231.93423987101363,1.7478521735182178,0.1313511015390494,-1.6165010719791684,0.871515751747051,-2.4880168237262192
209,209,69899.66555183945,-310.4496629026027,36.22476982614882,232.4632469677664,1.735229118309504,0.08988615365531533,-1.6453429646541888,0.8163906369078333,-2.461733601562022
210,210,70234.11371237457,-310.316559227827,36.20923864490453,232.9928904716436,1.7266565330792065,0.05317128827239017,-1.6734852448068163,0.7517914003476747,-2.425276645154491
211,211,70568.56187290969,-310.18901245108896,36.194355869429096,233.52319601259015,1.727567966214823,0.029208267571378215,-1.6983596986434446,0.6862194616842638,-2.3845791603277084
212,212,70903.0100334448,-310.0666544026606,36.180078539896016,234.0541889928276,1.7126306393113153,-0.0009524635985155468,-1.713583102909831,0.6207524160312344,-2.3343355189410655
213,213,71237.45819397992,-309.94906478321013,36.16635761374422,234.5858916895069,1.687816624443726,-0.03350348988657997,-1.721320114330306,0.5594189934823796,-2.2807391078126855
214,214,71571.90635451504,-309.83578166750283,36.15313919130072,235.11832388438523,1.6559225950686187,-0.06454276514525023,-1.7204653602138689,0.5048313810414733,-2.225296741255342
215,215,71906.35451505016,-309.72633955079027,36.14036895521759,235.65150515186383,1.6196971114337,-0.09469602155228485,-1.7143931329859847,0.4547187208645246,-2.1691118538505094
216,216,72240.80267558528,-309.62023140584205,36.12798774310257,236.1854527012545,1.5727715348059925,-0.1242271249300609,-1.6969986597360533,0.4118895365355369,-2.1088881962715904
217,217,72575.2508361204,-309.51691527356263,36.11593231654433,236.7201817521763,1.5182989273808714,-0.15147694675974968,-1.669775874140621,0.3734938962102968,-2.0432697703509177
218,218,72909.69899665551,-309.41585001550294,36.10413953288852,237.25570730281768,1.454357109261771,-0.182140764250127,-1.636497873511898,0.33780140810859327,-1.9742992816204912
219,219,73244.14715719063,-309.31653014851446,36.09255040991386,237.79204137290023,1.3813943465709584,-0.21549964685813838,-1.5968939934290967,0.3042022279722702,-1.901096221401367
220,220,73578.59531772575,-309.2184817882387,36.08110965249893,238.32919334253936,1.2880046237738851,-0.25506179047172983,-1.543066414245615,0.27229366610507844,-1.8153600803506933
221,221,73913.04347826086,-309.1212289783821,36.06976172375884,238.8671723341959,1.1750914073064358,-0.30427003284924203,-1.4793614401556778,0.24000167308620027,-1.719363113241878
222,222,74247.49163879598,-309.0242312325747,36.058443557127,239.40598408074308,1.0510463796018563,-0.35254408156181977,-1.403590461163676,0.21502980517399578,-1.6186202663376719
223,223,74581.9397993311,-308.92688782506684,36.0470850570143,239.9456311508453,0.9151941168161386,-0.4032925461111192,-1.3184866629272578,0.19884820386954136,-1.5173348667967992
224,224,74916.38795986622,-308.828597665339,36.03561608526852,240.4861158796693,0.7741140527521362,-0.45288350300728925,-1.2269975557594255,0.19330255318110512,-1.4203001089405305
225,225,75250.83612040133,-308.7288029900883,36.02397155936686,241.0274380950844,0.6310511134110672,-0.50320163193188,-1.1342527453429472,0.20001995777974846,-1.3342727031226955
226,226,75585.28428093645,-308.6269886380694,36.01209136780086,241.56959515962615,0.4777227687990564,-0.5533751582633872,-1.0310979270624436,0.21171914969914238,-1.242817076761586
227,227,75919.73244147157,-308.5226418497335,35.999915679303655,242.11258423393548,0.3245638169189424,-0.6010201323092157,-0.9255839492281581,0.23355558921465772,-1.1591395384428158
228,228,76254.18060200669,-308.4152647041787,35.98738639405353,242.6564000774916,0.17389745899664555,-0.6438722851821965,-0.8177697441788421,0.2585227879115561,-1.0762925320903982
229,229,76588.6287625418,-308.30437464826053,35.97444720541313,243.2010349629924,0.02507666473209358,-0.6902813279656478,-0.7153579926977414,0.2908590080311267,-1.006217000728868
230,230,76923.07692307692,-308.1894895747031,35.9610418587712,243.74648096642505,-0.11429628673003855,-0.7317410650004755,-0.617444778270437,0.3270398936586358,-0.9444846719290727
231,231,77257.52508361204,-308.0701202041646,35.94711326264511,244.2927279558019,-0.2407444627778732,-0.766831984173436,-0.5260875213955628,0.36913157551995124,-0.895219096915514
232,232,77591.97324414716,-307.94576943350984,35.93260341263416,244.83976339052143,-0.35400006057775085,-0.7922777099489924,-0.43827764937124153,0.4165294963682178,-0.8548071457394593
233,233,77926.42140468227,-307.81594220458965,35.91745454295644,245.3875745784795,-0.45555344964980793,-0.8125697158542424,-0.3570162662044345,0.4657332340126506,-0.822749500217085
234,234,78260.86956521739,-307.68021658298534,35.901617420261054,245.9361479397904,-0.5423528329870638,-0.8297746978179253,-0.2874218648308615,0.512233066675923,-0.7996549315067846
235,235,78595.31772575251,-307.53825466037455,35.88505261576885,246.48546887442396,-0.6111884780129204,-0.8405880958296782,-0.22939961781675777,0.5627426988389685,-0.7921423166557263
236,236,78929.76588628763,-307.3897229629271,35.86772121813868,247.0355227066684,-0.6683951936244855,-0.8470577506938449,-0.17866255706935938,0.6185602179429127,-0.7972227750122721
237,237,79264.21404682274,-307.234281345964,35.84958353764244,247.58629411337935,-0.7111761789225562,-0.8433713364613981,-0.13219515753884178,0.67227420263519,-0.8044693601740318
238,238,79598.66220735786,-307.0715815894616,35.830598942281746,248.13776698766827,-0.7409034438440167,-0.8324601480694913,-0.09155670422547459,0.7306421465300718,-0.8221988507555463
239,239,79933.11036789298,-306.9012763317504,35.81072690021512,248.68992518031223,-0.7537251978344883,-0.8166570796227169,-0.06293188178822867,0.7915386578407678,-0.8544705396289964
240,240,80267.55852842808,-306.72306831452494,35.78993272590418,249.2427527158229,-0.7444759252821314,-0.7870423422752731,-0.042566416993141815,0.8490607489903301,-0.8916271659834719
241,241,80602.0066889632,-306.536724183419,35.76818919043161,249.7962338402996,-0.7144790884827296,-0.7512503748093358,-0.0367712863266062,0.9085857853241307,-0.9453570716507369
242,242,80936.45484949832,-306.34201581366864,35.74546967509542,250.35035284809132,-0.6648366308773833,-0.7062703188993956,-0.04143368802201235,0.9656571009573727,-1.007090788979385
243,243,81270.90301003343,-306.1387611156471,35.721752932796306,250.9050954820359,-0.604917392377874,-0.6555308669929515,-0.05061347461507753,1.0250482953575943,-1.0756617699726718
244,244,81605.35117056855,-305.9268403629855,35.697024993281815,251.46044944722175,-0.5398167381276249,-0.6069131940470849,-0.06709645591946,1.080242464325116,-1.147338920244576
245,245,81939.79933110367,-305.70613828534505,35.67127240625071,252.01640261871776,-0.4767298271263589,-0.563993619290505,-0.08726379216414604,1.136711682824627,-1.223975474988773
246,246,82274.24749163879,-305.476540589096,35.64448183536885,252.57294434807903,-0.4192936127116653,-0.5250615076868296,-0.10576789497516426,1.189805968978772,-1.2955738639539365
247,247,82608.6956521739,-305.2379343752382,35.61664010703429,253.1300660951165,-0.3641817466342868,-0.48672238469331697,-0.12254063805903014,1.241570717538652,-1.364111355597682
248,248,82943.14381270902,-304.9902079156302,35.5877341842665,253.68775953458484,-0.3106317425076804,-0.45002351868729573,-0.13939177617961535,1.2881696430648397,-1.427561419244455
249,249,83277.59197324414,-304.73330855592354,35.557757923101164,254.246019291996,-0.26072192227433644,-0.4169910475069476,-0.15626912523261116,1.3300487359979072,-1.4863178612305183
250,250,83612.04013377926,-304.4672725715888,35.52671555633581,254.8048444349392,-0.2157458476338143,-0.3832708900495199,-0.16752504241570562,1.3618683532867037,-1.5293933957024093
251,251,83946.48829431437,-304.1921436372716,35.49461218013958,255.3642344445144,-0.177479556315327,-0.3541142952803864,-0.1766347389650594,1.3847650660285318,-1.561399804993591
252,252,84280.93645484949,-303.9079685755358,35.46145325799594,255.9241917724372,-0.13862757231475548,-0.3196098519592218,-0.18098227964446634,1.3965027985094136,-1.57748507815388
253,253,84615.38461538461,-303.61479920645866,35.4272448365224,256.4847235864572,-0.10986849234309715,-0.2899515918937401,-0.18008309955064294,1.400728881497237,-1.58081198104788
254,254,84949.83277591973,-303.3126880355256,35.3919930423132,257.0458375280058,-0.08229919154257848,-0.2684937453123869,-0.18619455376980842,1.3943064482429304,-1.5805010020127388
255,255,85284.28093645484,-303.0017055853577,35.35570610428925,257.60754531928575,-0.05253061204636755,-0.24808540858620104,-0.1955547965398335,1.376613438882257,-1.5721682354220905
256,256,85618.72909698996,-302.68195255222724,35.31839577217915,258.16986551664945,-0.02905378613103607,-0.22929262260956243,-0.20023883647852636,1.3561902944568414,-1.5564291309353677
257,257,85953.17725752508,-302.353532882571,35.280074174956454,258.7328173792065,-0.01086846550713233,-0.21565124509839653,-0.2047827795912642,1.3397156568473019,-1.544498436438566
258,258,86287.6254180602,-302.0165833317945,35.24075726990402,259.296424660075,0.007078762478109901,-0.19850052128889972,-0.20557928376700962,1.31684539260393,-1.5224246763709397
259,259,86622.07357859531,-301.6712986373872,35.20046777993501,259.8607190544675,0.01643058297969263,-0.18418310135892402,-0.20061368433861665,1.2912452835174821,-1.4918589678560987
260,260,86956.52173913043,-301.31787924283896,35.15922909376635,260.4257331117976,0.017069981503720882,-0.1723980982746859,-0.1894680797784068,1.2587685290147546,-1.4482366087931613
261,261,87290.96989966555,-300.9565025565876,35.11706191227355,260.99150385792234,0.02356821684773258,-0.15413020667637548,-0.17769842352410806,1.2209066194782934,-1.3986050430024015
262,262,87625.41806020067,-300.587303012597,35.073981921862426,261.5580766700059,0.025208371141765468,-0.1329959626344311,-0.15820433377619655,1.1804261044401425,-1.338630438216339
263,263,87959.86622073578,-300.21041055630064,35.030004285195346,262.1254978901055,0.019904421552407736,-0.110937800525439,-0.13084222207784674,1.1373847231174736,-1.2682269451953203
264,264,88294.3143812709,-299.82598210025907,34.985147311589614,262.693820430516,0.01868587818229614,-0.08034587446071835,-0.09903175264301449,1.1007085552846945,-1.199740307927709
265,265,88628.76254180602,-299.43422768825246,34.93943550997052,263.2631101483566,0.01279465899264954,-0.04986027344640639,-0.06265493243905593,1.0637847214491,-1.126439653888156
266,266,88963.21070234114,-299.03536351367825,34.89289410683047,263.8334344451528,0.012349176491046485,-0.01133130854200447,-0.023680485033050955,1.0194302926025889,-1.0431107776356399
267,267,89297.65886287625,-298.62959602734463,34.845547191849334,264.4048656171156,0.015057523848592987,0.03122308048033819,0.016165556631745202,0.9695972869702645,-0.9534317303385192
268,268,89632.10702341137,-298.21711140003225,34.797416488335244,264.9774861491609,0.019306925619043125,0.0753541485834938,0.05604722296445068,0.9192895733715443,-0.8632423504070936
269,269,89966.55518394649,-297.7980932141225,34.74852341756932,265.55137983629743,0.03315213236838038,0.12680938425682498,0.09365725188844459,0.8643712840463114,-0.7707140321578667
270,270,90301.0033444816,-297.372713730313,34.698888079763854,266.12663808911265,0.05464287813985921,0.18101431407359192,0.1263714359337327,0.8107233334543311,-0.6843518975205984
271,271,90635.45150501672,-296.9411202989473,34.648527668470365,266.70336907424786,0.07688101892241714,0.23559042113276318,0.15870940221034605,0.7531973355117343,-0.5944879333013883
272,272,90969.89966555184,-296.50345698898553,34.597458994352685,267.28168321993854,0.10024973588251046,0.292385353076484,0.19213561719397354,0.6956078053880397,-0.5034721881940661
273,273,91304.34782608696,-296.05987746479985,34.54569998771378,267.86169915397767,0.12322636172083526,0.34596696684450373,0.22274060512366847,0.6382791039261471,-0.4155384988024786
274,274,91638.79598662206,-295.61055790606315,34.49327120605094,268.4435547441367,0.1492034749296278,0.3974733229951456,0.2482698480655178,0.5795607014978038,-0.33129085343228604
275,275,91973.24414715718,-295.1556776452197,34.44019357474206,269.0273906331885,0.17331795999135657,0.44586604309408695,0.2725480831027304,0.5242170076917296,-0.25166892458899925
276,276,92307.6923076923,-294.6953894709839,34.38648492191411,269.6133542110801,0.18857866042021126,0.4884400412754517,0.29986138085524044,0.4690189516320373,-0.16915757077679683
277,277,92642.14046822742,-294.22978027008526,34.332155385931394,270.2016096194432,0.20810894340220404,0.5295646973892224,0.32145575398701837,0.4153991442158839,-0.09394339022886555
278,278,92976.58862876252,-293.7589268704938,34.27721393145345,270.7923235803132,0.23224433084684004,0.574948206234984,0.34270387538814395,0.36049688666773394,-0.017793011279589988
279,279,93311.03678929764,-293.28290336778633,34.22166920431092,271.38567560461416,0.2604581781062485,0.6201535677339166,0.3596953896276681,0.2991892115258536,0.06050617810181452
280,280,93645.48494983275,-292.80177667599827,34.165529012357446,271.981878816269,0.28955761709587075,0.666738036794071,0.3771804196982002,0.2343250427032438,0.1428553769949564
281,281,93979.93311036789,-292.3156125348689,34.108801026424125,272.5811518080394,0.3222427120764377,0.7124293661039302,0.3901866540274925,0.16574525070593246,0.22444140332156
282,282,94314.381270903,-291.8244701289331,34.05149215244907,273.1837228164857,0.3530705062506991,0.7570942447242335,0.4040237384735344,0.09269401312503259,0.3113297253485018
283,283,94648.82943143812,-291.3283903947733,33.9936071671109,273.7898469239484,0.3820817920903954,0.7999657101664587,0.4178839180760633,0.01949622421426417,0.3983876938617991
284,284,94983.27759197324,-290.8274110969239,33.93515047695836,274.39978385817284,0.4011142034836536,0.838275418591615,0.4371612151079614,-0.055591400368751674,0.49275261547671306
285,285,95317.72575250836,-290.3215427102685,33.87612330425157,275.0138071839066,0.4155462174070508,0.8710742950060835,0.4555280775990327,-0.1336841071916688,0.5892121847907015
286,286,95652.17391304349,-289.8107152106627,33.816517478234324,275.63223128229265,0.42213924067910547,0.8994430272069927,0.4773037865278872,-0.2093342586072243,0.6866380451351115
287,287,95986.6220735786,-289.2948438030178,33.7563231046051,276.25537803265246,0.4205215953906848,0.921714372952123,0.5011927775614382,-0.2788997486634776,0.7800925262249159
288,288,96321.07023411372,-288.77384227660764,33.695530123878946,276.8835895634712,0.4066444269985017,0.933389318897616,0.5267448918991143,-0.3388994201703457,0.86564431206946
289,289,96655.51839464884,-288.247619993693,33.634127960005586,277.5172713268892,0.38926447393040164,0.9367227995419155,0.5474583256115139,-0.3955593707741716,0.9430176963856854
290,290,96989.96655518394,-287.7160854491393,33.572105935722874,278.1568411222205,0.36795241771884724,0.9321492003886642,0.564196782669817,-0.44677502333070257,1.0109718060005195
291,291,97324.41471571906,-287.17912585877025,33.509450890827026,278.8027292119927,0.3550376872972586,0.9275343855875982,0.5724966982903396,-0.4954318002465683,1.067928498536908
292,292,97658.86287625418,-286.63655786160166,33.44614142987061,279.4554071958313,0.3436255980748377,0.9195563081190444,0.5759307100442067,-0.5364119882332269,1.1123426982774336
293,293,97993.3110367893,-286.08818348181063,33.38215445207602,280.11535523485685,0.33244903045418117,0.9081098434337427,0.5756608129795615,-0.5602666032368246,1.1359274162163862
294,294,98327.7591973244,-285.53377785652293,33.31746371935433,280.7830913647271,0.32000859284000216,0.8944898099566971,0.574481217116695,-0.5791917634271668,1.153672980543862
295,295,98662.20735785952,-284.9730215070355,33.2520319533836,281.45926690201696,0.31137625688752735,0.8823790512984545,0.5710027944109272,-0.5879273697290363,1.1589301641399634
296,296,98996.65551839463,-284.40557415316096,33.185819448623974,282.144562465384,0.30635072061955404,0.8720142350449881,0.565663514425434,-0.5866145444139809,1.152278058839415
297,297,99331.10367892977,-283.83109551471216,33.11878649953562,282.8396586734858,0.3031649837226231,0.8616796590521388,0.5585146753295157,-0.577277139894541,1.1357918152240567
298,298,99665.55183946488,-283.2492453115018,33.05089340057869,283.5452361449802,0.29543569688261984,0.8481304305069547,0.5526947336243349,-0.5540694283937825,1.1067641620181172
299,299,100000.0,-282.65968326334263,32.98210044621334,284.2619754985245,0.29095163078569664,0.837083537522851,0.5461319067371544,-0.5217926782394026,1.067924584976557
