,x_coord,base,surface,velocity,bmb,smb,tmb,dQdx,dQdy
0,0.0,-330.7622201511603,38.59493735678746,127.7711187933,1.000000000000002,0.3000000450140703,-0.7025232306947111,0.09898600809445687,-0.8015092387891681
1,133.77926421404683,-329.1650130821453,38.40856750249672,128.42231196672628,1.000000000000002,0.3000000561191032,-0.7036774618956269,0.0768278915161297,-0.7805053534117569
2,267.55852842809367,-327.59680635344716,38.225581548330204,129.06074718351826,1.000000000000002,0.300000069256576,-0.7045651969170915,0.05599201935460919,-0.760557216271701
3,401.33779264214047,-326.05580908371996,38.04577052558123,129.6872539845814,1.0000000000000022,0.3000000852569426,-0.7052117875987047,0.036428927960491804,-0.7416407155591969
4,535.1170568561873,-324.5402303916176,37.86892546554313,130.30266191082106,1.0000000000000022,0.3000001049506563,-0.7056425857800654,0.01808915368437397,-0.7237317394644396
5,668.8963210702342,-323.0482793957945,37.69483739950925,130.9078005031428,1.0000000000000022,0.3000001291681711,-0.7058829433007736,0.0009232328768521789,-0.7068061761776259
6,802.6755852842809,-321.5781652149045,37.5232973587729,131.50349930245207,1.0000000000000018,0.3000001587399405,-0.7059582120004286,-0.015118298111477099,-0.6908399138889515
7,936.4548494983278,-320.12819491459163,37.35410780355645,132.09055702818964,1.000000000000001,0.30000019461199134,-0.7058941638865865,-0.03008707499993931,-0.6758070888866472
8,1070.2341137123747,-318.6971170835944,37.18712271313474,132.6696334635359,1.000000000000001,0.3000002382513278,-0.7057184649898581,-0.04404452471264213,-0.6616739402772162
9,1204.0133779264215,-317.28380466414654,37.02221057695053,133.24134926074026,1.0000000000000004,0.3000002912716855,-0.7054593147860798,-0.057054831833606504,-0.6484044829524735
10,1337.7926421404684,-315.8871547157217,36.859242698562895,133.80630801076254,1.0000000000000007,0.3000003554606613,-0.7051273976336302,-0.06916708982938738,-0.6359603078042431
11,1471.5719063545152,-314.50617969739227,36.69810384691487,134.36503165416212,1.0000000000000007,0.3000004334379693,-0.704649564675026,-0.08035816040918675,-0.6242914042658393
12,1605.3511705685619,-313.13992655406537,36.538682814923625,134.91801773122123,1.0000000000000009,0.30000052807199223,-0.703927614466453,-0.09058331965748376,-0.6133442948089693
13,1739.1304347826087,-311.78752377472,36.380877910463475,135.4657481594909,1.0000000000000013,0.30000064249018227,-0.7029238910631118,-0.09985267419186626,-0.6030712168712455
14,1872.9096989966556,-310.4485143326822,36.22463580544925,136.00862546316193,1.0000000000000013,0.30000078113670137,-0.7019085342731425,-0.10845507215155421,-0.5934534621215882
15,2006.6889632107025,-309.1225725789219,36.06991850157537,136.54702700139134,1.0000000000000013,0.3000009488730642,-0.7012492448405041,-0.11676771339421155,-0.5844815314462926
16,2140.4682274247493,-307.8093265002174,35.916682590537874,137.0813189157735,1.0000000000000007,0.3000011508659142,-0.7012329209981681,-0.12509587052172094,-0.5761370504764473
17,2274.247491638796,-306.50815340716343,35.76485541392197,137.61180682164834,0.9999999999999999,0.30000139392884645,-0.7017098728418056,-0.13335617907248176,-0.5683536937693241
18,2408.026755852843,-305.2183463697149,35.614354483707146,138.13877599428875,0.9999999999999997,0.30000168542892025,-0.7023836934408246,-0.1413346716908186,-0.5610490217500061
19,2541.8060200668897,-303.9392353784857,35.465101619954126,138.6625062899474,1.0000000000000002,0.30000203332873604,-0.7029915542237248,-0.14884400944397852,-0.5541475447797464
20,2675.585284280937,-302.67036270336405,35.317043412497185,139.18324654717674,1.0000000000000009,0.30000244900686357,-0.7034639880770563,-0.15585025436137462,-0.5476137337156819
21,2809.3645484949834,-301.411346212527,35.170135272344986,139.70123455830205,1.0000000000000013,0.3000029450583896,-0.70380038903908,-0.16237409863002644,-0.5414262904090539
22,2943.1438127090305,-300.1618156376481,35.02433399479641,140.2167013954144,1.0000000000000018,0.3000035349096697,-0.7040020015988857,-0.16843834485488554,-0.5355636567440002
23,3076.923076923077,-298.9214725570689,34.879604758567424,140.72983719558795,1.0000000000000009,0.30000423705168666,-0.7040808520118412,-0.1740782700497343,-0.5300025819621068
24,3210.7023411371238,-297.69004565083577,34.73591590473216,141.24081665455867,1.0000000000000004,0.30000507188588166,-0.7040530335867973,-0.17933385677348967,-0.5247191768133074
25,3344.481605351171,-296.46726397233033,34.59323581792727,141.74981040698188,1.0000000000000002,0.30000606107202304,-0.7039275876569275,-0.18423760250439733,-0.51968998515253
26,3478.2608695652175,-295.252858675312,34.4515331278717,142.2569628994322,1.0000000000000004,0.30000723441863514,-0.7036677112832632,-0.18877334022319378,-0.5148943710600693
27,3612.0401337792646,-294.04656175233896,34.310776562159475,142.762408120114,1.0000000000000009,0.3000086249884975,-0.7032182933359945,-0.192905468445502,-0.5103128248904925
28,3745.819397993311,-292.8481287276449,34.17093759417445,143.26627733587404,1.0000000000000013,0.3000102678002056,-0.702549739762419,-0.19662297261694694,-0.5059267671454722
29,3879.5986622073583,-291.657477810397,34.03200668016623,143.76868318711647,1.0000000000000013,0.30001221133614675,-0.7018092151988422,-0.20008518613405393,-0.5017240290647884
30,4013.377926421405,-290.47459595812165,33.89398229827587,144.26973044297344,1.0000000000000013,0.30001450976831723,-0.7012185800109089,-0.20352342903516651,-0.49769515097574246
31,4147.157190635452,-289.2994530428058,33.75686093302092,144.76952130166976,1.000000000000001,0.30001721896176886,-0.7009732280032608,-0.20714298999745714,-0.4938302380058037
32,4280.936454849499,-288.1318912681034,33.62062417195968,145.26813922781696,1.0000000000000004,0.30002040710521116,-0.7010716194877363,-0.21095550123415022,-0.4901161182535861
33,4414.715719063545,-286.97169577656035,33.4852469444841,145.7656593130753,1.0,0.3000241478953882,-0.7014241957415,-0.21488604058535435,-0.48653815515614546
34,4548.494983277592,-285.81865108120587,33.35070410653107,146.26215591656666,0.9999999999999997,0.300028518582929,-0.7019389128861557,-0.21885681821598849,-0.48308209467016705
35,4682.2742474916395,-284.6725388371786,33.21697018056496,146.75769794879795,0.9999999999999999,0.3000336241369206,-0.7025074235699554,-0.22277068208445425,-0.47973674148550116
36,4816.053511705686,-283.53313934929287,33.08401953148778,147.25235174586163,1.0,0.30003958262313546,-0.7030136772179861,-0.2265213317060858,-0.47649234551190045
37,4949.832775919733,-282.40024335964256,32.95182774207385,147.74618255170327,1.0,0.30004651653947795,-0.7033531759473284,-0.23001366624303082,-0.4733395097042976
38,5083.612040133779,-281.27372920407817,32.820380615961106,148.23924657957807,1.0,0.3000545849003127,-0.7035186853291723,-0.23324695955072505,-0.47027172577844734
39,5217.391304347827,-280.1535189507491,32.68966905968389,148.73159553405404,1.0,0.3000639649513128,-0.7035515309534672,-0.23626760325271512,-0.467283927700752
40,5351.170568561874,-279.03953256277924,32.55968373415196,149.22328037648407,1.0,0.30007483980027144,-0.7034887605648826,-0.23911768393091246,-0.46437107663397004
41,5484.94983277592,-277.9316682502342,32.43041276202293,149.7143457062074,1.0000000000000002,0.3000874438807353,-0.7033258791684915,-0.2417975970272974,-0.461528282141194
42,5618.729096989967,-276.82981275227337,32.30184292747352,150.2048327677214,1.0000000000000007,0.3001020386915449,-0.7030364852922754,-0.24428575325172525,-0.45875073204055
43,5752.508361204013,-275.7338588695734,32.17396172196762,150.69478234024461,1.000000000000001,0.3001188947067118,-0.7026013422651073,-0.24656755898875599,-0.45603378327635113
44,5886.287625418061,-274.6437585024377,32.04676353299978,151.18423103174277,1.0000000000000016,0.3001383661095895,-0.7020717898273101,-0.248697382404281,-0.45337440742302915
45,6020.066889632108,-273.5594964539921,31.920246587325096,151.67321312789966,1.0000000000000016,0.300160853687439,-0.7015384600674095,-0.2507679850915283,-0.45077047497588135
46,6153.846153846154,-272.4810581510777,31.794409184476855,152.16176241299357,1.000000000000001,0.30018676453769677,-0.7010917674398057,-0.25287187338793266,-0.4482198940518732
47,6287.625418060201,-271.4084317793246,31.669249945897157,152.64990777942373,1.0000000000000004,0.30021656539598507,-0.7008155366977769,-0.25509467719432455,-0.4457208595034526
48,6421.4046822742475,-270.34160714532516,31.544767682169855,153.1376752453016,0.9999999999999996,0.3002507580391267,-0.7007897207290754,-0.2575179860708059,-0.4432717346582697
49,6555.183946488295,-269.28056370488724,31.42095999609914,153.62509061593587,0.9999999999999994,0.3002898571195579,-0.7010794566885848,-0.26020872214972707,-0.440870734538858
50,6688.963210702342,-268.2251666525738,31.297811157933886,154.11217775653702,0.9999999999999994,0.3003345142094303,-0.7015872034159502,-0.2630727868052833,-0.438514416610667
51,6822.742474916388,-267.1752103544603,31.17529717331214,154.598959329684,0.9999999999999999,0.3003854657549607,-0.7021145783934106,-0.26591626754404424,-0.4361983108493666
52,6956.521739130435,-266.13049761017066,31.05339503193919,155.08545783254462,1.0000000000000002,0.3004434632750911,-0.7024741209422936,-0.26855600874030966,-0.4339181122019839
53,7090.3010033444825,-265.09094356225734,30.9320948322372,155.57169401679988,1.0,0.3005094217092282,-0.7026254702613405,-0.27095382032549115,-0.43167164993584933
54,7224.080267558529,-264.05653679982066,30.811395242727144,156.05768749298215,1.0000000000000002,0.30058436283633794,-0.7026244351815911,-0.2731662865066032,-0.4294581486749879
55,7357.859531772576,-263.027265481773,30.691294881733576,156.543457687245,1.0000000000000002,0.3006693259872265,-0.7025256123669887,-0.2752487789449187,-0.42727683342207007
56,7491.638795986622,-262.0030961277937,30.57178984261057,157.02902192777537,1.0000000000000007,0.30076555060217863,-0.7023469974719317,-0.2772203704523139,-0.425126627019618
57,7625.418060200669,-260.983980341279,30.452874478208088,157.51439609659636,1.0000000000000004,0.3008744140602616,-0.7020813564677246,-0.2790751124415751,-0.42300624402614967
58,7759.197324414717,-259.9698698302287,30.334543153581713,157.9995959450009,1.0000000000000007,0.30099731819668946,-0.701720997850489,-0.2808065910618276,-0.4209144067886615
59,7892.976588628763,-258.9607217964072,30.216790874826113,158.4846358215804,1.0000000000000013,0.30113596331663517,-0.7012588067943185,-0.2824088054942941,-0.41885000130002464
60,8026.75585284281,-257.9564974334178,30.09961311382299,158.9695290557059,1.0000000000000013,0.3012922665973072,-0.700688087494793,-0.2838760550345274,-0.41681203246026566
61,8160.5351170568565,-256.95716346096276,29.98300598726607,159.45428887198528,1.000000000000001,0.3014681619565063,-0.7000093743150475,-0.2852097826733722,-0.41479959164167524
62,8294.314381270904,-255.96276730006835,29.866975028470318,159.9389272804311,1.0000000000000004,0.30166575934879464,-0.6993303940206937,-0.2865173798550189,-0.41281301416567495
63,8428.09364548495,-254.97341816967588,29.75153298163063,160.42345536096627,0.9999999999999997,0.30188730353079557,-0.6988409571230277,-0.28798736920179213,-0.41085358792123583
64,8561.872909698997,-253.9892169477892,29.636691617680928,160.90788407867288,0.9999999999999996,0.3021350653692863,-0.6987184812765497,-0.28979600932664573,-0.40892247194990405
65,8695.652173913044,-253.0101051545991,29.522444112913924,161.39222293240283,0.9999999999999996,0.3024116804230439,-0.6989075909509007,-0.2918892265100275,-0.4070183644408732
66,8829.43143812709,-252.03589572897238,29.408768640130877,161.87648023794878,0.9999999999999996,0.3027200785105333,-0.6991650763613632,-0.2940270983703741,-0.40513797799098905
67,8963.210702341137,-251.06640475745434,29.295643739419393,162.36066427424282,0.9999999999999996,0.30306322199053204,-0.699251624882189,-0.29597355004117365,-0.4032780748410154
68,9096.989966555184,-250.10156728996247,29.18306183208937,162.8447832658349,0.9999999999999996,0.303444494718463,-0.6990894711708281,-0.2976521987775811,-0.40143727239324717
69,9230.769230769232,-249.14141950304975,29.07102713939617,163.32884539104626,0.9999999999999999,0.3038676388494251,-0.6987381756260804,-0.2991224105676394,-0.3996157650584413
70,9364.548494983279,-248.1859998789906,28.959544151637903,163.8128587853467,1.0000000000000004,0.30433642981140996,-0.6982599194517033,-0.30044613881118704,-0.3978137806405165
71,9498.327759197326,-247.23532955665445,28.848615335400208,164.29683079784763,1.0000000000000013,0.30485505863028395,-0.6976836355186726,-0.30165240774335117,-0.3960312277753217
72,9632.107023411372,-246.28941414438526,28.738241345091808,164.78076807349905,1.0000000000000022,0.3054280884879804,-0.6970084837623222,-0.3027407544695386,-0.39426772929278364
73,9765.886287625419,-245.34825813137215,28.628422704533026,165.2646772107184,1.0000000000000022,0.3060601197737828,-0.6962313551044981,-0.30370846597604545,-0.39252288912845246
74,9899.665551839465,-244.41185416974147,28.519158556338393,165.74856435859107,1.000000000000002,0.30675625210353613,-0.6953238849081603,-0.30452775622466977,-0.39079612868349034
75,10033.444816053512,-243.48018374652582,28.41044674032523,166.2324352423783,1.0000000000000013,0.30752205597943705,-0.6942338866908536,-0.30514718950402697,-0.38908669718682654
76,10167.224080267559,-242.55323195216923,28.30228551677435,166.7162955770211,1.0000000000000016,0.30836313135033155,-0.692913485401381,-0.30551959456525063,-0.3873938908361302
77,10301.003344481605,-241.63107898861324,28.194684244036626,167.20015122408327,1.0000000000000016,0.30928533862898244,-0.6914382244209648,-0.30571995436776134,-0.38571827005320336
78,10434.782608695654,-240.71390141173325,28.087663523506464,167.6840081936675,1.0000000000000022,0.31029480209449445,-0.6900086777705818,-0.3059470017721183,-0.38406167599846347
79,10568.5618729097,-239.80187477096587,27.98124383914211,168.16787247147698,1.000000000000002,0.31139766874424,-0.6888232875364381,-0.3063973560044197,-0.3824259315320183
80,10702.341137123747,-238.89503735133027,27.875429658224984,168.65174923923968,1.0000000000000022,0.312600370149856,-0.6878809642745363,-0.3070700569131619,-0.3808109073613746
81,10836.120401337794,-237.99328096910546,27.77020835735469,169.1356428207965,1.0000000000000022,0.31390964153948553,-0.6869677073421787,-0.30775331620313623,-0.3792143911390427
82,10969.89966555184,-237.0964935818139,27.665566862872463,169.61955752194245,1.000000000000002,0.3153322500374715,-0.6858633881167397,-0.3082292747693377,-0.3776341133474023
83,11103.678929765887,-236.20465714131433,27.5615030688338,170.1034983295902,1.0000000000000018,0.3168754529408132,-0.6844696388968444,-0.30840056334683996,-0.3760690755500046
84,11237.458193979934,-235.31785924679798,27.458027196736474,170.58747099621215,1.0000000000000016,0.31854705848857495,-0.6828249482753691,-0.30830524030085227,-0.3745197079745168
85,11371.23745819398,-234.43619279436405,27.355150086147123,171.07148131876943,1.0000000000000013,0.32035490889835644,-0.6809743255534582,-0.30798781549562215,-0.37298651005783606
86,11505.016722408027,-233.5597404110941,27.252881378393706,171.55553521422948,1.000000000000002,0.3223069952199928,-0.6789386206558462,-0.30746885536730095,-0.3714697652885453
87,11638.795986622075,-232.68857256527764,27.151229296057434,172.03963874164992,1.000000000000002,0.3244114847246631,-0.6767100781597174,-0.306740576693068,-0.3699695014666493
88,11772.575250836122,-231.82275899537032,27.05020197655898,172.52379797903492,1.0000000000000022,0.32667655577583515,-0.6742790451828168,-0.3057933144055465,-0.36848573077727026
89,11906.354515050169,-230.96236851505031,26.9498074494115,173.00801938556512,1.0000000000000016,0.32911041843450567,-0.6716272787406792,-0.30460884227940777,-0.3670184364612714
90,12040.133779264215,-230.10746878440034,26.850053609521055,173.49230989591274,1.000000000000001,0.33172132230213475,-0.6687258202936436,-0.3031582546400768,-0.36556756565356663
91,12173.913043478262,-229.25812859013288,26.7509484832543,173.97667649224846,1.000000000000001,0.3345175127695186,-0.6655463877284042,-0.30141331265390575,-0.3641330750744985
92,12307.692307692309,-228.41446459078057,26.652505682893665,174.46112686037293,1.0000000000000016,0.3375069679486221,-0.6621145809970295,-0.29939918631215356,-0.36271539468487585
93,12441.471571906355,-227.57665636892142,26.55474616300389,174.94566961095748,1.0000000000000016,0.34069731463271474,-0.6585268241300894,-0.2972112476442109,-0.3613155764858786
94,12575.250836120402,-226.74488645060939,26.457691221608698,175.4303134162148,1.0000000000000013,0.3440961435861002,-0.654882642835262,-0.29494794366511645,-0.35993469917014553
95,12709.030100334448,-225.9192770490589,26.361355119137706,175.91506688649662,1.0000000000000007,0.3477104982389349,-0.6512041422845598,-0.2926310056561995,-0.35857313662836043
96,12842.809364548495,-225.09986682726986,26.265742366976937,176.39993854645994,0.9999999999999998,0.35154666380992194,-0.6474061784729453,-0.29017589207031314,-0.3572302864026324
97,12976.588628762544,-224.2866888919012,26.170856828171654,176.88493693393357,0.9999999999999997,0.3556108627531796,-0.6433963555796257,-0.2874908746678407,-0.3559054809117851
98,13110.36789297659,-223.4798063019481,26.07670586075073,177.37007158659935,1.0000000000000002,0.3599089555303425,-0.6391145929336252,-0.28451620026306473,-0.3545983926705604
99,13244.147157190637,-222.67932585506205,25.98330192638125,177.85535350220016,1.0000000000000009,0.36444627399437396,-0.6345479988781506,-0.28123880805079066,-0.3533091908273602
100,13377.926421404683,-221.88535789193452,25.890657900149364,178.34079380459877,1.0000000000000016,0.36922809167421733,-0.6296875171608852,-0.27764943286858795,-0.35203808429229727
101,13511.70568561873,-221.09801735300533,25.798787193862104,178.82640423375136,1.0000000000000024,0.3742587127294437,-0.6245298125886602,-0.27374450596708066,-0.3507853066215797
102,13645.484949832777,-220.31742626104815,25.70770404572752,179.31219747822598,1.0000000000000024,0.3795409487600144,-0.619080358810469,-0.2695292294909143,-0.3495511293195548
103,13779.264214046823,-219.54370712533125,25.617422750720205,179.7981863159011,1.000000000000002,0.38507746712063723,-0.6133452608018026,-0.26500943431335455,-0.34833582648844813
104,13913.04347826087,-218.77697445100551,25.52795666985558,180.2843841011498,1.0000000000000016,0.39086977390982897,-0.6073224592905846,-0.26018283054983826,-0.3471396287407465
105,14046.822742474917,-218.01732974485364,25.43931764743655,180.7708051245499,1.0000000000000009,0.3969174893922257,-0.6009966365913125,-0.2550339405279821,-0.34596269606333063
106,14180.602006688965,-217.2648735204786,25.35151741187697,181.25746377154314,1.0000000000000007,0.4032200432615861,-0.5943516015838759,-0.2495464185661169,-0.3448051830177591
107,14314.381270903012,-216.5197220457661,25.264569529876713,181.7443751573986,1.000000000000001,0.409775436453649,-0.5873983903507032,-0.24373106289970872,-0.34366732745099454
108,14448.160535117058,-215.78201858132016,25.178490717776693,182.23155564784022,1.0000000000000016,0.4165792219309295,-0.5801946889050563,-0.2376451789973863,-0.34254950990767
109,14581.939799331105,-215.05190876433076,25.093297969229404,182.71902172902,1.0000000000000013,0.4236267010392016,-0.5728025768665724,-0.23135045389736256,-0.3414521229692099
110,14715.719063545152,-214.3295122242293,25.009005243176126,183.20678966072828,1.0000000000000009,0.4309121162603239,-0.5652663009955062,-0.22489092918986558,-0.34037537180564054
111,14849.498327759198,-213.61490156024493,24.925621010846438,183.69487529342243,1.0000000000000002,0.43842779531738335,-0.5575978606372999,-0.21827873794902486,-0.3393191226882748
112,14983.277591973245,-212.908144300272,24.843153151722003,184.18329444051741,0.9999999999999994,0.4461658505646296,-0.5498057308977788,-0.21152252455419684,-0.3382832063435818
113,15117.056856187291,-212.2092938648638,24.761607899171644,184.6720636005964,0.9999999999999994,0.45411680698408674,-0.5418833679991076,-0.2046159024090922,-0.3372674655900153
114,15250.836120401338,-211.51837673991443,24.68098834369772,185.1612005804108,0.9999999999999996,0.46226815884284356,-0.5337955531278841,-0.19752378679504679,-0.3362717663328374
115,15384.615384615387,-210.83541640489017,24.601297224998053,185.6507233355262,0.9999999999999996,0.47060704873323594,-0.5255039917374195,-0.19020801451895591,-0.33529597721846366
116,15518.394648829433,-210.16043973765923,24.522537679312435,186.14065004579507,0.9999999999999999,0.47911913829229313,-0.5169913978464672,-0.18265141101064583,-0.3343399868358214
117,15652.17391304348,-209.4934804695853,24.444713642579714,186.63099934338413,0.9999999999999999,0.4877871025411219,-0.5082828530697334,-0.17487912907819206,-0.33340372399154133
118,15785.953177257526,-208.8345730543323,24.367829135020205,187.12178991439006,1.0000000000000004,0.49659324985535774,-0.49940848987170156,-0.1669213678645828,-0.3324871220071187
119,15919.732441471573,-208.18373430116156,24.29188611801992,187.61304036675995,1.0000000000000002,0.5055185733460996,-0.4903910105231003,-0.1588009519132912,-0.33159005860980906
120,16053.51170568562,-207.54094341781718,24.216882165437745,188.10476914189928,1.0000000000000004,0.5145412631991126,-0.48123728300601437,-0.15052498995455363,-0.3307122930514607
121,16187.290969899666,-206.90617475078963,24.142814283898,188.59699465931885,1.0000000000000007,0.5236391443986785,-0.4719521988147205,-0.14209862962408099,-0.3298535691906395
122,16321.070234113713,-206.2793945875908,24.06967853966433,189.08973522219281,1.0000000000000009,0.532788813884917,-0.46255291225874584,-0.13353932369654808,-0.3290135885621978
123,16454.84949832776,-205.66055105894355,23.997468880378342,189.5830088715911,1.0000000000000013,0.5419641018281307,-0.4530842056337855,-0.12489224828765229,-0.3281919573461332
124,16588.628762541808,-205.0495898030653,23.926178962844016,190.07683361032232,1.0000000000000013,0.5511384599583234,-0.4435947224702784,-0.11620645403904531,-0.32738826843123303
125,16722.408026755853,-204.4464540550364,23.85580216345569,190.5712267415029,1.0000000000000009,0.5602853742168837,-0.4341567557179505,-0.1075547123102668,-0.32660204340768356
126,16856.1872909699,-203.85108132322017,23.78633119038662,191.06620390087028,1.0,0.5693784120715327,-0.4248989553071046,-0.09906632134724887,-0.3258326339598556
127,16989.966555183946,-203.26340817450722,23.717758641954465,191.5617804799569,0.9999999999999997,0.5783911506524744,-0.4159580227665829,-0.09087865569062038,-0.3250793670759623
128,17123.745819397995,-202.6833287083138,23.650072161166356,192.05797141203814,0.9999999999999997,0.5872962827918812,-0.4074055588238385,-0.083063960822273,-0.3243415980015654
129,17257.525083612043,-202.11062993007883,23.583246894785614,192.5547904747615,0.9999999999999996,0.5960642713095454,-0.399148993771034,-0.07553024052975758,-0.32361875324127637
130,17391.304347826088,-201.54508223968722,23.517256051959112,193.052251265593,0.9999999999999997,0.604665232764978,-0.39107035576087457,-0.06816008550588797,-0.3229102702549865
131,17525.083612040136,-200.98646394235058,23.45207376426553,193.550366900739,0.9999999999999999,0.613069172842473,-0.3830942389469229,-0.06087871116266554,-0.3222155277842574
132,17658.86287625418,-200.43457445024245,23.387676626146046,194.0491492114588,0.9999999999999999,0.6212458011931683,-0.375258887294566,-0.05372513949990884,-0.3215337477946572
133,17792.64214046823,-199.88921664326114,23.324041636672757,194.54860981586268,1.0000000000000002,0.6291647790579201,-0.3676212994443537,-0.046757173105557916,-0.3208641263387958
134,17926.421404682274,-199.35017860641895,23.261144068578847,195.0487594615272,1.0000000000000009,0.6367961711664797,-0.3602306653332223,-0.04002483112722647,-0.32020583420599574
135,18060.200668896323,-198.81720658107298,23.198954312077188,195.54960643394134,1.0000000000000018,0.644111183416583,-0.3531140899221805,-0.03355611918752535,-0.31955797073465514
136,18193.979933110368,-198.2900394541757,23.13744189923312,196.05115858570844,1.000000000000002,0.6510812225431054,-0.346294794950353,-0.02737517224015223,-0.3189196227102007
137,18327.759197324416,-197.76840348500687,23.076574888653987,196.55342280842117,1.000000000000002,0.6576784237255036,-0.33978705173105744,-0.021497188907040405,-0.318289862824017
138,18461.538461538465,-197.25198708313104,23.016316922459108,197.05640311317487,1.0000000000000018,0.6638771055558441,-0.3335783039051942,-0.01591058238266189,-0.3176677215225323
139,18595.31772575251,-196.74047160449217,22.956630819717173,197.56010297340976,1.0000000000000013,0.6696519944526996,-0.32765101294325805,-0.010598791596838845,-0.3170522213464193
140,18729.096989966558,-196.233560167062,22.89748193879566,198.0645252083395,1.0000000000000004,0.6749790876788188,-0.32205038725920704,-0.005608068013844797,-0.31644231924536237
141,18862.876254180603,-195.7310250492351,22.838843708035046,198.56967055802482,0.9999999999999999,0.6798384212804682,-0.3170210470641702,-0.0011842833453852338,-0.3158367637187851
142,18996.65551839465,-195.23265223025416,22.780691154457124,199.07553935025126,0.9999999999999993,0.6842108319542073,-0.31284711910237556,0.002387142867557533,-0.3152342619699333
143,19130.434782608696,-194.73818385757588,22.72299419057862,199.58213077387978,0.9999999999999992,0.6880781095167602,-0.309702540216681,0.004931102561939959,-0.3146336427786211
144,19264.214046822744,-194.24721432260907,22.66570548802524,200.0894401784804,0.9999999999999996,0.691425256733257,-0.3073897993662147,0.006644345390549392,-0.31403414475676417
145,19397.99331103679,-193.75930691585722,22.608774089418425,200.59746210544213,0.9999999999999998,0.6942379527320868,-0.3056332007048485,0.0078018920750215215,-0.31343509277987003
146,19531.772575250838,-193.27404585001727,22.552151478682468,201.10619045374602,0.9999999999999999,0.6965030423314429,-0.3042223807725312,0.008613346479335897,-0.3128357272518671
147,19665.551839464886,-192.7910901740449,22.49579787199867,201.61561682455357,1.0000000000000002,0.6982115398867283,-0.30318066247563263,0.009054323956010924,-0.3122349864316436
148,19799.33110367893,-192.3101156625216,22.439675437175335,202.12573230546735,1.0000000000000004,0.6993553916371967,-0.3025835967252521,0.009048144324643948,-0.31163174104989605
149,19933.11036789298,-191.83079566551015,22.383746059116213,202.6365271520819,1.0000000000000004,0.6999279557778003,-0.3024931504978794,0.008531741555543936,-0.3110248920534233
150,20066.889632107024,-191.35279432877041,22.327970548722377,203.14798846140337,1.0000000000000004,0.6999279507708928,-0.3029197215019427,0.007493733597754158,-0.3104134550996968
151,20200.668896321073,-190.87577361420546,22.272309462071938,203.66010258101645,1.0000000000000009,0.6993553668814407,-0.30386147187534107,0.005935001187648465,-0.3097964730629895
152,20334.448160535117,-190.3993953248175,22.216723336701694,204.17285513657754,1.000000000000001,0.6982114977504046,-0.3053067841106497,0.003866218274925539,-0.30917300238557527
153,20468.227424749166,-189.9233206087467,22.16117263373597,204.68622877852908,1.0000000000000018,0.6965030085010155,-0.30720373675768553,0.0013384186685849058,-0.3085421554262704
154,20602.00668896321,-189.44721044545778,22.10561779461719,205.20020539097513,1.0000000000000022,0.6942379478110734,-0.3094900271155506,-0.001586968169008132,-0.3079030589465424
155,20735.78595317726,-188.9707498729507,22.050022068054204,205.71476659112912,1.0000000000000022,0.6914253116391504,-0.312148601307978,-0.004893752636744766,-0.30725484867123315
156,20869.565217391308,-188.49372918364895,21.99436098435161,206.22989282857964,1.0000000000000022,0.6880782402256336,-0.3153603659679667,-0.00876366642870199,-0.3065966995392646
157,21003.344481605352,-188.01596744608977,21.93861343155026,206.7455642336915,1.0000000000000016,0.6842110068400198,-0.3193603492940088,-0.013432552083486402,-0.3059277972105224
158,21137.1237458194,-187.53726432199343,21.882756033209684,207.26176051188364,1.0000000000000009,0.6798385856460775,-0.324311500657852,-0.01906410844836985,-0.3052473922094821
159,21270.903010033446,-187.05732932816323,21.826754894343996,207.77845939480227,1.0,0.6749792062248591,-0.3300419683111044,-0.02548693196571264,-0.3045550363453917
160,21404.682274247494,-186.57584582794811,21.770573068255644,208.29563804144954,0.9999999999999996,0.6696520426411365,-0.3362827657359461,-0.03243239689766722,-0.30385036883827876
161,21538.46153846154,-186.09251496128584,21.71417568250552,208.81327323351073,0.9999999999999996,0.6638770860812769,-0.34280425139833776,-0.03967124142652649,-0.3031330099718112
162,21672.240802675587,-185.60712556343728,21.65753809736943,209.33133989188778,0.9999999999999996,0.6576783576217569,-0.3495709007357471,-0.04716841415406572,-0.30240248658168134
163,21806.020066889632,-185.11949346088824,21.60063882258999,209.84981236476324,0.9999999999999999,0.651081118675087,-0.356606935299726,-0.05494863855794359,-0.30165829674178235
164,21939.79933110368,-184.62944026922733,21.543457043410363,210.3686648764252,1.0000000000000002,0.6441110495035032,-0.36393033584145035,-0.06303036364673312,-0.30089997219471726
165,22073.57859531773,-184.13681789576384,21.485975479658357,210.88787100287252,1.0000000000000007,0.6367960230494719,-0.3715262992152793,-0.07139907809031389,-0.30012722112496554
166,22207.357859531774,-183.6414881346787,21.428178004809816,211.4074041085096,1.0000000000000007,0.62916462792126,-0.37936932198581624,-0.08002951268019515,-0.29933980930562126
167,22341.137123745822,-183.14331787226754,21.370049086513205,211.92723750768138,1.0000000000000007,0.6212456596111163,-0.387431645752726,-0.08889413464059279,-0.2985375111121333
168,22474.916387959867,-182.64220231354798,21.311576496782564,212.4473442366904,1.0000000000000004,0.6130690631802784,-0.3956729911883738,-0.09795284255490215,-0.29772014863347157
169,22608.695652173916,-182.13804646082565,21.252749150826965,212.96769723564643,1.0000000000000009,0.6046651814006776,-0.40404874716187716,-0.10716118669606,-0.29688756046581705
170,22742.47491638796,-181.63076829428584,21.193557478177276,213.48826954520695,1.0000000000000013,0.5960643040751546,-0.4125270057791964,-0.11648736575274765,-0.2960396400264486
171,22876.25418060201,-181.12036254804548,21.134000864384777,214.0090348016743,1.0000000000000016,0.5872964052393264,-0.42115106819708054,-0.12597446309892113,-0.29517660509815935
172,23010.033444816054,-180.6068520897696,21.074081977759352,214.52996685967915,1.0000000000000016,0.5783913431868252,-0.4299918028564966,-0.13569301049913404,-0.29429879235736256
173,23143.812709030102,-180.09025515169293,21.01380294572641,215.0510398337798,1.0000000000000009,0.5693786255871721,-0.43910161355543725,-0.14569508991323335,-0.2934065236422039
174,23277.59197324415,-179.57056051708827,20.953162459463933,215.57222947276756,0.9999999999999998,0.5602855539406478,-0.4484164020028604,-0.15591637575418002,-0.29250002624868027
175,23411.371237458196,-179.04774553854568,20.892157876362454,216.0935121597652,0.9999999999999993,0.5511385734178201,-0.4578268493513972,-0.16624735857536282,-0.29157949077603423
176,23545.150501672244,-178.52179396706958,20.830787300410496,216.61486422191558,0.9999999999999988,0.5419641387390354,-0.4672308935451051,-0.1765857821762543,-0.2906451113688507
177,23678.92976588629,-177.99273259332062,20.76905385767206,217.1362616018979,0.9999999999999991,0.5327887812876358,-0.47657576370577,-0.18687865723638372,-0.2896971064693861
178,23812.709030100337,-177.46060589003758,20.706962737441653,217.65768008444095,0.9999999999999999,0.5236390639425915,-0.4858289393603449,-0.1970932348581814,-0.28873570450216335
179,23946.488294314382,-176.92546307094466,20.644519682214888,218.1790956859749,1.0000000000000009,0.5145411597019524,-0.49496002251020704,-0.20719886795012785,-0.287761154560079
180,24080.26755852843,-176.3873867955889,20.581734337107953,218.70048607985322,1.0000000000000013,0.505518458605309,-0.5039533185700947,-0.21717946555872272,-0.28677385301137187
181,24214.046822742475,-175.84647425982723,20.518618043404025,219.22182965956614,1.000000000000002,0.4965931411556964,-0.5127995233900551,-0.22702526315658578,-0.28577426023346914
182,24347.826086956524,-175.30282392365345,20.455182289891926,219.74310501710693,1.0000000000000022,0.48778701316722534,-0.5214881508816351,-0.23672531943298578,-0.2847628314486491
183,24481.605351170572,-174.7565434113893,20.391439634698617,220.26429223206355,1.0000000000000022,0.4791190678647465,-0.5299995256604345,-0.24625954498415442,-0.2837399806762801
184,24615.384615384617,-174.207744558991,20.327403127384965,220.78537206767533,1.0000000000000022,0.47060700589628474,-0.5383097492330657,-0.25560364623288623,-0.2827061030001795
185,24749.163879598666,-173.65654325264575,20.2630862901124,221.3063254701666,1.000000000000002,0.462268151184949,-0.54639828183207,-0.26473665480708003,-0.2816616270249899
186,24882.94314381271,-173.10308806891192,20.198506459513144,221.82713484156955,1.0000000000000018,0.4541168255606933,-0.5542720228752963,-0.2736647686639486,-0.28060725421134775
187,25016.72240802676,-172.54754346267805,20.133682824979857,222.3477832910296,1.0000000000000016,0.4461658926801685,-0.5619511995107331,-0.2824073809595388,-0.27954381855119415
188,25150.501672240804,-171.99007200983004,20.06863435665408,222.868254177152,1.0000000000000009,0.4384278554423689,-0.569454233511113,-0.2909820927501727,-0.2784721407609401
189,25284.280936454852,-171.43081908751554,20.003378017845296,223.38853298010065,1.0,0.4309121736751785,-0.5767831326517604,-0.2993902137766196,-0.2773929188751408
190,25418.060200668897,-170.86992124771885,19.93792974210021,223.90860626867197,0.9999999999999994,0.42362674571983366,-0.5839314822174022,-0.3076246942406123,-0.27630678797678987
191,25551.839464882945,-170.3075139960915,19.872305340874334,224.42846067880174,0.9999999999999999,0.41657924968626703,-0.5908907588439218,-0.3156764098873803,-0.2752143489565414
192,25685.61872909699,-169.74372380927875,19.806519572075025,224.9480833862759,1.0000000000000009,0.4097754408740935,-0.5976335350210759,-0.3235176444210064,-0.2741158906000693
193,25819.39799331104,-169.17867227149986,19.740586622737688,225.46746185940114,1.0000000000000016,0.40322003269559464,-0.6041221399035382,-0.33111060732661357,-0.2730115325769247
194,25953.177257525087,-168.6124829626798,19.674520912766315,225.9865836955819,1.0000000000000022,0.39691747942721567,-0.6103216850468951,-0.3384202648264177,-0.27190142022047736
195,26086.956521739132,-168.04529974052937,19.608339228175158,226.50543774430756,1.0000000000000022,0.3908697665762101,-0.6162258883071429,-0.34543991828063964,-0.27078597002650306
196,26220.73578595318,-167.47727806099186,19.542059708316366,227.0240135712193,1.000000000000002,0.38507746759432326,-0.6218448294116828,-0.35217907582484814,-0.2696657535868348
197,26354.515050167225,-166.90857238627137,19.475700376587806,227.54230084443805,1.0000000000000018,0.37954096099310847,-0.6271880552265704,-0.3586467224260873,-0.26854133280048315
198,26488.294314381274,-166.33932516022864,19.409277854028836,228.06029023237582,1.000000000000001,0.3742587287154035,-0.6322573999340715,-0.3648442528408381,-0.26741314709323344
199,26622.07357859532,-165.7696715732767,19.342807915311433,228.57797300715222,1.0000000000000007,0.36922810806522427,-0.6370500428694003,-0.3707684808949692,-0.2662815619744311
200,26755.852842809367,-165.19974668464906,19.2763063198009,229.09534050208168,1.0000000000000007,0.3644462889415031,-0.6415637769765694,-0.3764168309323944,-0.26514694604417505
201,26889.63210702341,-164.62968520076097,19.209788785694005,229.61238465386484,1.0000000000000009,0.3599089589531103,-0.6458041356527668,-0.3817944207952345,-0.2640097148575324
202,27023.41137123746,-164.05962160341505,19.14327100497861,230.12909778333326,1.0000000000000013,0.3556108493135318,-0.6497815800610454,-0.3869112661987688,-0.2628703138622766
203,27157.19063545151,-163.48969057890375,19.076768693503464,230.64547227085632,1.000000000000001,0.35154663264908964,-0.6535091045652696,-0.3917798953559811,-0.2617292092092886
204,27290.969899665553,-162.92002936848948,19.010297865243565,231.16150115197217,1.0000000000000004,0.34771045102752046,-0.657029832581645,-0.3964427172476365,-0.26058711533400847
205,27424.749163879602,-162.3507769286653,18.94387473431534,231.67717790205455,0.9999999999999997,0.34409609033611904,-0.6604071140941314,-0.40096220074112576,-0.25944491335300557
206,27558.528428093647,-161.78206856507123,18.877515088835988,232.19249601302582,0.9999999999999996,0.34069727154336893,-0.6636992445716655,-0.4053958195501618,-0.2583034250215035
207,27692.307692307695,-161.2139908751883,18.811229033418904,232.7074490880139,0.9999999999999993,0.3375069441610217,-0.6668927139495977,-0.40973006780677906,-0.2571626461428186
208,27826.08695652174,-160.64659598380376,18.745022650236624,233.22203080885168,0.9999999999999997,0.3345175117103285,-0.6699231925415332,-0.41390120458016255,-0.25602198796137077
209,27959.86622073579,-160.0799370442873,18.678902141481704,233.73623484368468,0.9999999999999999,0.33172134163419736,-0.6727286603084118,-0.4178477749934903,-0.2548808853149217
210,28093.645484949833,-159.51409229500868,18.61287663638594,234.25005464150237,0.9999999999999998,0.32911045099826786,-0.6752954036691182,-0.42155611743212323,-0.2537392862369952
211,28227.42474916388,-158.9491586864558,18.546957447601685,234.7634834878153,1.0,0.3266765955047774,-0.677645743172923,-0.4250482215941936,-0.2525975215787295
212,28361.20401337793,-158.38523266751108,18.48115582925154,235.27651464844976,1.0000000000000002,0.32441152712067295,-0.6798023513809995,-0.4283464287933545,-0.25145592258764504
213,28494.983277591975,-157.82239602076595,18.41548132412425,235.7891411456745,1.0000000000000002,0.3223070367693697,-0.6817800129248066,-0.4314653278483351,-0.25031468507647137
214,28628.762541806023,-157.26071900017243,18.349942129791096,236.30135581030686,1.0000000000000002,0.3203549459965498,-0.6835873120203987,-0.4344134136228364,-0.2491738983975621
215,28762.541806020068,-156.70027074248264,18.284546313463064,236.8131514307049,1.0000000000000009,0.3185470876897028,-0.6852317752121032,-0.4371981371263247,-0.24803363808577827
216,28896.321070234117,-156.14110687755166,18.219300366300995,237.32452017057054,1.0000000000000013,0.3168754708565775,-0.686706014516986,-0.43981221819670246,-0.24689379632028358
217,29030.10033444816,-155.5832718488181,18.154209474180497,237.83545367626547,1.0000000000000013,0.3153322503677825,-0.6879902897354743,-0.44223617631048384,-0.24575411342499043
218,29163.87959866221,-155.0268114876315,18.089278984925354,238.34594354777306,1.0000000000000009,0.31390961633323256,-0.6890688079165608,-0.4444544407212876,-0.24461436719527332
219,29297.658862876255,-154.4718030345032,18.024517911332406,238.8559808246678,1.0000000000000002,0.3126003203777927,-0.6900044214664751,-0.4465293204655185,-0.2434751010009566
220,29431.438127090303,-153.91835113391252,17.959938463826195,239.36555605757695,0.9999999999999993,0.3113976040387316,-0.6909285995504236,-0.44859107338765514,-0.24233752616276868
221,29565.21739130435,-153.36655787463758,17.895552554619627,239.87465975357935,0.9999999999999999,0.31029474020162595,-0.6919686331156856,-0.45076582252702346,-0.24120281058866228
222,29698.996655518396,-152.81645636471038,17.8313640469182,240.3832818809639,1.0000000000000007,0.30928529772534963,-0.6931231784065724,-0.45305236280155337,-0.2400708156050192
223,29832.775919732445,-152.26801631553954,17.767369406502407,240.89141191284622,1.0000000000000018,0.3083631174824765,-0.6942726701871383,-0.4553324684602359,-0.23894020172690247
224,29966.55518394649,-151.7212068182043,17.703565026769724,241.39903923932889,1.0000000000000022,0.3075220630451294,-0.6952967514370668,-0.45748713133097935,-0.23780962010608753
225,30100.334448160538,-151.17603464034778,17.639951697401514,241.9061518478345,1.0000000000000022,0.30675627133521544,-0.6961532479393622,-0.4594747605942042,-0.23667848734515803
226,30234.113712374583,-150.63254302211269,17.576534463866988,242.4127363679322,1.0000000000000022,0.306060143888737,-0.6968756697210756,-0.46132870868578046,-0.23554696103529527
227,30367.89297658863,-150.09077620044621,17.513318487947345,242.91877933001632,1.000000000000002,0.305428112278793,-0.6974999830480636,-0.4630847608645426,-0.23441522218352115
228,30501.672240802676,-149.5507661183715,17.45030749690919,243.4242661894501,1.0000000000000018,0.30485508207471407,-0.6980462191862113,-0.46476293900989646,-0.23328328017631508
229,30635.451505016725,-149.01253193685392,17.38750372654672,243.929181283881,1.0000000000000018,0.3043364516622153,-0.6985178416978085,-0.46636687573243635,-0.23215096596537227
230,30769.230769230773,-148.47609193250037,17.324909309462942,244.43350884934202,1.0000000000000018,0.3038676561944738,-0.6989170442554599,-0.46789894864257614,-0.2310180956128839
231,30903.010033444818,-147.94145651082022,17.262525459823063,244.93723177193206,1.0000000000000013,0.3034445070692064,-0.6992324501030692,-0.4693481441206767,-0.2298843059823926
232,31036.789297658866,-147.40862745739096,17.200352385976906,245.4403314593875,1.0000000000000013,0.30306322772351846,-0.6994378210033508,-0.47068878331301456,-0.22874903769033622
233,31170.56856187291,-146.87760705180017,17.138390353917785,245.94278919927336,1.0000000000000013,0.3027200746203263,-0.6995084082827394,-0.47189666118751433,-0.22761174709522514
234,31304.34782608696,-146.34842574693718,17.076642917036278,246.44458492410917,1.0000000000000016,0.3024116677754368,-0.6994872964432369,-0.473014628744266,-0.22647266769897104
235,31438.127090301005,-145.8211464963093,17.01511742105243,246.94569700323856,1.0000000000000018,0.30213504659794,-0.6994958220897114,-0.47416289257644406,-0.22533292951326744
236,31571.906354515053,-145.29583270801223,16.953821264729868,247.4461037047182,1.000000000000002,0.30188728256374187,-0.6996567319257476,-0.4754630516291491,-0.22419368029659867
237,31705.685618729098,-144.77250241536322,16.892756552283362,247.94578280842583,1.000000000000002,0.301665742613498,-0.6999941345628119,-0.47693914329970133,-0.22305499126311062
238,31839.464882943146,-144.25111850794016,16.83191895348918,248.4447115009581,1.000000000000002,0.3014681527646831,-0.7004122642367848,-0.47849663892873756,-0.2219156253080473
239,31973.244147157195,-143.73164111897458,16.77130381649974,248.94286687037956,1.0000000000000016,0.30129226435581424,-0.7008093857691237,-0.48003510665229415,-0.22077427911682956
240,32107.02341137124,-143.21405184820236,16.71090899428314,249.4402236427343,1.0000000000000009,0.301135966497481,-0.7011312751758153,-0.4815011471324964,-0.21963012804331888
241,32240.802675585288,-142.69835978244575,16.650735547133785,249.93675351958456,1.0000000000000002,0.30099732471245266,-0.7013845448477756,-0.4829015844886858,-0.21848296035908985
242,32374.581939799333,-142.18457576152517,16.590784739894417,250.43242797055615,1.0,0.30087442123837005,-0.7015797266846928,-0.48424712242410634,-0.2173326042605865
243,32508.36120401338,-141.6727087403711,16.531057617469674,250.92721701680532,0.9999999999999998,0.3007655579210922,-0.7017248620928229,-0.48554598073517297,-0.2161788813576499
244,32642.140468227426,-141.1627651305285,16.471554927989672,251.4210887249891,0.9999999999999999,0.300669332935916,-0.7018246319187792,-0.4868030275463223,-0.21502160437245668
245,32775.91973244147,-140.65475108227326,16.41227738909839,251.9140109890442,1.0000000000000002,0.3005843683196516,-0.7018832847361293,-0.4880227023873921,-0.2138605823487369
246,32909.69899665552,-140.1486688312171,16.353225261657805,252.40595004382365,1.0000000000000002,0.30050942582536566,-0.7018957099655262,-0.489200232306492,-0.2126954776590342
247,33043.47826086957,-139.64451504537385,16.29439815687566,252.89686976456346,1.0000000000000004,0.30044346591638454,-0.7018434860519029,-0.4903177419778595,-0.21152574407404345
248,33177.257525083616,-139.1422862584894,16.235795670292635,253.386733811087,1.0000000000000009,0.300385466194521,-0.7017078723186925,-0.49135704232168703,-0.21035082999700547
249,33311.036789297665,-138.6419949766544,16.17741926117994,253.87550390134186,1.0000000000000013,0.3003345127239,-0.7015084182856698,-0.49233765452743333,-0.20917076375823643
250,33444.816053511706,-138.14367765524045,16.119273183326843,254.36313884158565,1.0000000000000016,0.3002898541993941,-0.7013220866248813,-0.4933356433815719,-0.2079864432433092
251,33578.595317725754,-137.6473724172725,16.061361885112483,254.8495971991337,1.000000000000001,0.3002507540388222,-0.7012298479386377,-0.4944310195766229,-0.20679882836201466
252,33712.3745819398,-137.15309832360575,16.00368759064973,255.33483756589882,1.0000000000000007,0.300216561521428,-0.7012676150996631,-0.49565933476086405,-0.20560828033879885
253,33846.15384615385,-136.66084429360936,15.946249006996934,255.81881857268706,0.9999999999999998,0.3001867616922643,-0.7014000547935428,-0.49698584104872945,-0.2044142137448132
254,33979.93311036789,-136.17059661930506,15.889044534640819,256.30149881331914,0.9999999999999992,0.3001608520772265,-0.7015855990641334,-0.4983696398181892,-0.2032159592459441
255,34113.71237458194,-135.68234426970037,15.832072886431762,256.7828339001007,0.9999999999999996,0.30013836583074144,-0.7017872142404131,-0.4997743850467734,-0.20201282919363975
256,34247.49163879599,-135.19608067898753,15.775333296239534,257.2627744722005,0.9999999999999997,0.3001188955352596,-0.7019754297922529,-0.5011713244011985,-0.20080410539105437
257,34381.27090301004,-134.71179977197835,15.718825055181753,257.7412706779002,1.0000000000000002,0.30010203995629636,-0.7021216490164,-0.5025325798209235,-0.1995890691954765
258,34515.050167224086,-134.22950129910308,15.662548134137419,258.2182710015242,1.0000000000000002,0.30008744528164644,-0.7022108614207214,-0.5038436464990379,-0.19836721492168372
259,34648.82943143813,-133.74919526454852,15.606503700443486,258.69372099864154,1.0000000000000002,0.30007484116775157,-0.7022519698016529,-0.5051135580876135,-0.1971384117140396
260,34782.608695652176,-133.27089268903254,15.55069304005067,259.16756591030605,1.0000000000000002,0.3000639660218717,-0.7022562358208574,-0.5063536704857834,-0.19590256533507422
261,34916.387959866224,-132.7946019071851,15.495117125483954,259.63974924019385,1.0000000000000002,0.300054585713949,-0.7022274300131814,-0.5075680027758783,-0.19465942723730334
262,35050.16722408027,-132.32032626285306,15.439776346919581,260.1102112639117,1.0000000000000004,0.3000465171399212,-0.7021554043097935,-0.5087469421464126,-0.193408462163381
263,35183.946488294314,-131.84806861098724,15.38467103748704,260.57889188636665,1.0000000000000009,0.30003958289585003,-0.7020286248482043,-0.5098795191790148,-0.19214910566918966
264,35317.72575250836,-131.37783861149123,15.32980232435064,261.04572857177203,1.0000000000000013,0.3000336241236243,-0.701851731213753,-0.5109706852196766,-0.19088104599407665
265,35451.50501672241,-130.90965927650146,15.2751728926779,261.5106539953712,1.0000000000000013,0.30002851835453986,-0.7016610974737356,-0.5120566302973708,-0.18960446717636503
266,35585.28428093646,-130.44355515254514,15.220785606676452,261.9736002767105,1.000000000000001,0.3000241474389194,-0.70149674724502,-0.5131771369416115,-0.18831961030340888
267,35719.06354515051,-129.97954786469253,15.16664298966421,262.4344997514621,1.0000000000000007,0.3000204065438983,-0.7013921849110386,-0.5143655655216258,-0.187026619389413
268,35852.84280936455,-129.5176529819144,15.112746858304055,262.89328520332054,1.0,0.300017218441998,-0.7013674006636414,-0.5156419634450269,-0.18572543721861495
269,35986.6220735786,-129.05788527824024,15.059098936501291,263.34988945359476,0.9999999999999994,0.30001450936349466,-0.7014405858374639,-0.5170246074202454,-0.18441597841721874
270,36120.401337792646,-128.6002511897418,15.005699975247936,263.8042417968053,0.9999999999999996,0.3000122111290984,-0.7016064486716223,-0.5185089090719377,-0.1830975395996847
271,36254.180602006694,-128.14473888356866,14.9525485938297,264.2562638000865,0.9999999999999994,0.30001026780846707,-0.7018082446567584,-0.5200401813738659,-0.18176806328289244
272,36387.959866220735,-127.69133414183543,14.899643133234873,264.7058759956381,0.9999999999999998,0.30000862511742554,-0.7019824991934698,-0.5215571853906,-0.18042531380286952
273,36521.739130434784,-127.24003183681745,14.84698299513572,265.152996148028,0.9999999999999999,0.3000072345912518,-0.7020880833860315,-0.52302070900568,-0.1790673743803514
274,36655.51839464883,-126.79084790224451,14.794570038756982,265.59753560935843,1.0000000000000002,0.3000060612486105,-0.7021356422312357,-0.5244425751550318,-0.17769306707620408
275,36789.29765886288,-126.34380124078262,14.742406469753243,266.03940481759315,1.0000000000000002,0.3000050720223137,-0.7021431158504708,-0.5258417983120796,-0.17630131753839154
276,36923.07692307693,-125.89890879740358,14.690494265345876,266.4785113486547,1.0000000000000002,0.30000423715311686,-0.7021225461483509,-0.5272317545135985,-0.1748907916347524
277,37056.85618729097,-125.45618271824304,14.638834842804787,266.9147557628305,1.0000000000000004,0.30000353499043464,-0.7020715169115899,-0.5286119984695192,-0.17345951844207078
278,37190.63545150502,-125.01563443061575,14.587429535524393,267.34803755552593,1.0000000000000007,0.30000294510748454,-0.7019854411527597,-0.5299800104276223,-0.17200543072513746
279,37324.41471571907,-124.57727678394347,14.536279842837446,267.77825167710296,1.0000000000000009,0.3000024490265156,-0.7018616123590081,-0.5313354006616251,-0.17052621169738325
280,37458.193979933116,-124.14112631752985,14.48538769462997,268.20528128508715,1.0000000000000013,0.3000020333268468,-0.7017022032070406,-0.5326833061353905,-0.1690188970716504
281,37591.97324414716,-123.70720016904461,14.434755090608245,268.6290076468558,1.000000000000001,0.3000016853991097,-0.7015101916110799,-0.5340297717603519,-0.16748041985072817
282,37725.752508361205,-123.27552083669923,14.384384655972523,269.04931038091365,1.0000000000000007,0.30000139387637653,-0.7013054027920499,-0.5353970342325635,-0.16590836855948665
283,37859.531772575254,-122.8461255484083,14.334280734656137,269.46606457499064,0.9999999999999999,0.3000011508056986,-0.7011539550201662,-0.53685182205302,-0.16430213296714644
284,37993.3110367893,-122.4190540287971,14.284447961920698,269.8791445403461,0.9999999999999994,0.30000094881588807,-0.7011298135198456,-0.538468405345723,-0.16266140817412247
285,38127.09030100335,-121.99433373147298,14.234889541186037,270.2884189821826,0.999999999999999,0.3000007810976244,-0.7012685994760831,-0.5402841918888003,-0.16098440758728275
286,38260.86956521739,-121.57195638410464,14.185604507196492,270.6937402841844,0.9999999999999994,0.30000064247741404,-0.7014942989327012,-0.5422292681335765,-0.15926503079912457
287,38394.64882943144,-121.15190725358632,14.136591140821944,271.0949578726621,0.9999999999999996,0.30000052807804584,-0.7017107069921181,-0.5442143100172854,-0.15749639697483273
288,38528.42809364549,-120.73418154856577,14.08784888298421,271.4919145572766,0.9999999999999998,0.30000043345174765,-0.7018477442476714,-0.5461755119249033,-0.1556722323227682
289,38662.20735785954,-120.31880515999997,14.039380754765519,271.884432727336,1.0000000000000004,0.3000003554760836,-0.7019159599676178,-0.5481278234553822,-0.15378813651223563
290,38795.98662207358,-119.90580987887257,13.991190465691766,272.2723308437217,1.0000000000000007,0.3000002912835528,-0.7019414072272568,-0.5501013378159928,-0.15184006941126402
291,38929.76588628763,-119.49522589172993,13.943281538075341,272.6554215700139,1.0000000000000009,0.3000002382597958,-0.7019434777310041,-0.5521198120744611,-0.1498236656565431
292,39063.545150501675,-119.08707813391212,13.895656881492455,273.03349859564923,1.0000000000000007,0.30000019461896676,-0.7019197610018417,-0.5541862655755498,-0.14773349542629197
293,39197.324414715724,-118.68139046830281,13.84831928037992,273.40635173359533,1.0000000000000007,0.30000015874446867,-0.7018633934145799,-0.5562994819333559,-0.14556391148122427
294,39331.10367892977,-118.27818864104492,13.80127173892235,273.77376271256804,1.0000000000000007,0.30000012917003793,-0.7017701366192475,-0.5584607341904088,-0.1433094024288389
295,39464.88294314381,-117.87750493747045,13.754518024328599,274.1354851905601,1.0000000000000007,0.3000001049514091,-0.7016448679360308,-0.5606799393623798,-0.14096492857365114
296,39598.66220735786,-117.4793730612842,13.708062069310142,274.4912667369265,1.0000000000000009,0.3000000852575402,-0.7014944419057604,-0.562968889372857,-0.13852555253290347
297,39732.44147157191,-117.08382671619106,13.661907806578446,274.8408549210223,1.0000000000000013,0.3000000692573888,-0.7013257130692667,-0.5653393761454281,-0.13598633692383877
298,39866.22073578596,-116.69089960589591,13.616059168844984,275.18399731220245,1.0000000000000016,0.30000005611991293,-0.7011455359673802,-0.5678031916036804,-0.13334234436369985
299,40000.0,-116.3006254341036,13.570520088821231,275.520441479822,1.0000000000000018,0.30000004501407035,-0.7009607651409311,-0.5703721276712016,-0.13058863746972962
