,x_coord,layer 1,layer 2,layer 3,layer 4
0,0.0,16.183465843357205,34.171510241132445,74.18165755130914,119.99136540329576
1,200.40080160320642,16.213521932832762,34.22640198977952,74.28555520005445,120.14840846092939
2,400.80160320641284,16.133539275877176,34.049544454927904,73.9051921783219,119.54108185567793
3,601.2024048096192,16.20887963332673,34.1657199604589,74.10335680415257,119.82887030840904
4,801.6032064128257,15.328168628754852,32.352031715768604,70.35136820507775,113.92561034786344
5,1002.0040080160321,15.71898921566293,33.059859613281844,71.71360783865367,116.01216620365784
6,1202.4048096192384,15.921127958629263,33.37436871278812,72.25794138804423,116.80982828059302
7,1402.805611222445,16.727835267804053,34.87189618855895,75.18595402513678,121.32310219878782
8,1603.2064128256513,17.631374601439305,36.54065334127701,78.4403059975834,126.33503391077353
9,1803.6072144288578,18.07583024427707,37.295453102696385,79.8368885667736,128.44231319532372
10,2004.0080160320642,18.399628567600942,37.820797922822706,80.77838573271966,129.8442821849219
11,2204.4088176352707,18.805743699364918,38.51818932411718,82.07857084417313,131.8121376636819
12,2404.809619238477,18.711633954885755,38.245842954717475,81.4336306513785,130.75251033908734
13,2605.2104208416836,18.218182034761014,37.203347453790514,79.24779798281463,127.29658476620921
14,2805.61122244489,18.098455582136516,36.90046306055756,78.56181252937722,126.18417302387871
15,3006.0120240480965,17.745071216964632,36.15875462070717,77.01048224982357,123.73304237474169
16,3206.4128256513027,18.277364687487633,37.147038042717995,78.94438763570524,126.71528590948684
17,3406.813627254509,18.306232928553648,37.167026753654575,78.94365733498296,126.69040019751759
18,3607.2144288577156,18.926177219894704,38.33558250560336,81.25062599594767,130.25973877679937
19,3807.615230460922,19.030713600249186,38.50742680577085,81.56015654170753,130.72095041642982
20,4008.0160320641285,19.527388747221508,39.431422065454754,83.37029879968539,133.51348580168099
21,4208.416833667335,19.238349856715466,38.82472332635708,82.10035808526683,131.50630272888415
22,4408.817635270541,18.76515587334943,37.84139136506876,80.05279809570133,128.27639737394145
23,4609.218436873748,19.31424826180782,38.79229089465028,81.83509167153656,130.98038595897694
24,4809.619238476954,19.75342147129792,39.49415028041782,83.07761290422738,132.82203230844826
25,5010.0200400801605,20.749752078785413,41.231970936125585,86.35015975435701,137.7976022391405
26,5210.420841683367,21.53671188893661,42.5608822656195,88.7950856639814,141.4810752820448
27,5410.821643286573,22.54746593170224,44.321319541275464,92.09808868276028,146.49664897808796
28,5611.22244488978,22.89815339288556,44.85297393215082,92.98048573049552,147.76815871810157
29,5811.623246492986,22.803009730490587,44.58105604192359,92.3045310870085,146.64284118871262
30,6012.024048096193,23.45837210232058,45.76603422114049,94.54030177324329,150.0451431023468
31,6212.424849699399,23.778437981208505,46.36684465314918,95.6573725170712,151.73483274433218
32,6412.825651302605,23.759931924981558,46.37271264006988,95.62893012225463,151.66724307435703
33,6613.226452905812,24.29732914930922,47.461154164286526,97.7518391748985,154.93815912005783
34,6813.627254509018,24.51424173396095,47.98421290880845,98.77902086088665,156.52404900100538
35,7014.0280561122245,24.182108831828963,47.50185163437876,97.83995715738783,155.07628642936967
36,7214.428857715431,23.948772245116295,47.22316927624457,97.3035490442814,154.2522193552516
37,7414.829659318638,23.79363517531317,47.095207715560036,97.05156762676097,153.86119010766635
38,7615.230460921844,23.656375733177462,46.986916510528594,96.81129011943136,153.47320502544358
39,7815.63126252505,23.22386011797377,46.27834035686263,95.34650682949146,151.1676761604801
40,8016.032064128257,23.08183832523553,46.07063330957964,94.80829688421812,150.26188604529585
41,8216.432865731464,23.049125416043964,46.000544698637256,94.46706256870463,149.61938857424008
42,8416.83366733467,23.69569499370482,47.14801209678876,96.42436111552053,152.476961989252
43,8617.234468937875,24.284456041196314,48.090617111141945,97.88458164204272,154.5136484068834
44,8817.635270541083,24.759577985223146,48.72613713732552,98.65878255615094,155.4438862078345
45,9018.036072144288,25.0645387374147,48.960234039787856,98.58223818495361,155.02419093527647
46,9218.436873747496,25.51375915711641,49.39415560442525,98.82545237970716,155.05783233033634
47,9418.837675350702,26.689317913983707,51.09825980666478,101.41759710129372,158.64157318300477
48,9619.238476953908,27.852141482557073,52.68345631860328,103.68281359816027,161.66806907995746
49,9819.639278557115,29.101994830143035,54.34650425757723,106.00609834548573,164.73168808828547
50,10020.040080160321,29.437301051485925,54.32395945542766,105.12918989711852,162.90689174975432
51,10220.440881763527,30.378224335853666,55.37780825031066,106.2443385546949,164.09451533805142
52,10420.841683366734,31.405223806268765,56.58103900586869,107.62147382364955,165.6694166696054
53,10621.24248496994,31.758552893279926,56.62494156739885,106.88256893184288,164.05903927228783
54,10821.643286573146,32.270785302451195,56.96809983066242,106.7065339966249,163.30429318761315
55,11022.044088176353,33.3367646212869,58.268961042188124,108.26012815409112,165.14053850855205
56,11222.44488977956,33.9264615588444,58.770409975339156,108.38306987422848,164.83866744793713
57,11422.845691382765,34.75263149947985,59.669070951521874,109.21109052239247,165.5841413371121
58,11623.246492985973,35.246893807565655,60.00841206877517,109.04902356791679,164.85486273792338
59,11823.647294589178,35.83135100639424,60.487840379027205,109.13535372703984,164.49205868901072
60,12024.048096192386,37.252856872451105,62.31260592134703,111.55150318212088,167.55816168240023
61,12224.448897795592,37.40809001172554,62.06386342939587,110.38442260832792,165.34596508264505
62,12424.849699398797,38.53040074812705,63.35285045380422,111.86583182232945,167.0219260246366
63,12625.250501002005,38.99839204620654,63.58337343977562,111.5549973217135,166.0784822320003
64,12825.65130260521,39.15345470117502,63.32028978960024,110.4409642490378,163.97965436772154
65,13026.052104208416,39.20788482989884,62.90821562564566,109.11538611727383,161.59386662502368
66,13226.452905811624,38.80523980423734,61.806920581462144,106.68465119278144,157.63219218137456
67,13426.85370741483,39.208210550634654,61.97361364043366,106.41107942426913,156.81792474517027
68,13627.254509018036,39.3380176987691,61.74834305628095,105.52689479379731,155.1435021378105
69,13827.655310621243,39.51323525359284,61.62997867353796,104.86148775238179,153.8084697136341
70,14028.056112224449,40.260765493800534,62.419375319733206,105.72422302909519,154.68981778563733
71,14228.456913827657,40.661510604761375,62.74154516797388,105.86321168808236,154.55675561755294
72,14428.857715430862,41.84411540644557,64.29994786552255,108.05853030319771,157.38937423312433
73,14629.258517034068,42.285554277978164,64.83512004089248,108.64091101694144,157.94828379962428
74,14829.659318637276,42.65758296913252,65.35983611153948,109.25753717680304,158.58821825566326
75,15030.060120240481,42.03714083224722,64.50152015380641,107.68425306814865,156.14163732903663
76,15230.460921843687,43.56405233069782,66.92937527424962,111.4372113758084,161.28014181791482
77,15430.861723446895,44.13385597473366,68.02122881050134,113.04518987378084,163.37451290330915
78,15631.2625250501,44.52154591131051,68.92202371791916,114.34179091766788,165.02273948244596
79,15831.663326653306,43.10419267311918,67.17284506549814,111.37501515311399,160.62923277606203
80,16032.064128256514,43.62419845630327,68.40883870265489,113.18586670491706,162.98900633665792
81,16232.46492985972,42.85902937107787,67.75487970552709,111.96001708042346,161.05119296097283
82,16432.865731462927,42.93653774090459,68.44907683851213,112.88574046233,162.14774935794415
83,16633.266533066133,41.429345722185495,66.74499057586783,109.98675557616545,157.85725847123715
84,16833.66733466934,39.298652467890136,64.07971350410908,105.57101406444669,151.4464385406203
85,17034.068136272545,37.41992787477555,61.80336726593383,101.79195213680644,145.94784297427697
86,17234.46893787575,37.76827274432273,63.08893705718978,103.68142125990735,148.4166434071603
87,17434.86973947896,37.18343711460014,62.92209453206996,103.2742563247551,147.66711394881563
88,17635.270541082165,37.00482756491977,63.448881137141434,103.97659278971952,148.47781948752294
89,17835.67134268537,38.61157796372284,66.99016809086903,109.45375707221957,155.96854840890876
90,18036.072144288577,39.99803401570457,70.28397575967963,114.54465131587236,162.9136567495879
91,18236.472945891783,41.06022790937581,73.14685451956868,118.96528860597894,168.92146908183335
92,18436.873747494992,42.29584898321297,76.42761631231718,124.05723747514503,175.86622211937765
93,18637.274549098198,43.0301147988189,78.9559122132779,127.97560362040106,181.176425476024
94,18837.675350701404,42.20809101892973,78.80503097646653,127.68814749076364,180.636415286977
95,19038.07615230461,40.29481679560334,76.69094990348904,124.32797220429373,175.836331989948
96,19238.476953907815,39.34448102827458,76.3264647578547,123.74440945343821,174.91728715154215
97,19438.87775551102,38.93560611606971,77.01118004829225,124.83612764132691,176.3440054600788
98,19639.27855711423,38.08439737308174,76.9031273037512,124.70140798385853,176.082244182357
99,19839.679358717436,37.76792939049436,77.86686117735114,126.27408791250893,178.20493691166587
100,20040.080160320642,37.01483928512893,78.0080573727986,126.56905658361104,178.5650487477384
101,20240.480961923848,37.16677687444003,80.00265798649436,129.79852857050537,183.00337213084953
102,20440.881763527053,37.183127697836994,81.77004626889499,132.68155019341003,186.96189612603462
103,20641.282565130263,36.905651828520604,82.94562909083572,134.64639239366215,189.64877731799606
104,20841.68336673347,35.975815183542316,82.70033086390535,134.38782529182183,189.25688371887475
105,21042.084168336674,35.05221414316111,82.39948062742451,134.06465657461996,188.78072113998104
106,21242.48496993988,33.966182582658426,81.63536512874364,133.03058791509753,187.3209567061255
107,21442.885771543086,33.13585076840783,81.32564580801593,132.73612246319524,186.88328476448675
108,21643.28657314629,32.447491602851365,81.20454436251748,132.7594877060987,186.8774676622274
109,21843.6873747495,32.0384475272406,81.59693892819982,133.61986228925352,188.0191823517052
110,22044.088176352707,30.671658594755364,79.5042527796164,130.5445588622753,183.6970973546017
111,22244.488977955913,30.514528226698793,80.20520748722512,131.95759840082886,185.58393299055908
112,22444.88977955912,29.62680292927719,78.96489674382498,130.31050402475972,183.22845408596538
113,22645.290581162324,29.450401928331104,79.37391614074338,131.35062787166842,184.58547604626543
114,22845.69138276553,28.696353484391835,78.19526419035142,129.88651863744818,182.47173556939566
115,23046.09218436874,28.090772133520865,77.28542270780409,128.90367381105554,181.02189750752316
116,23246.492985971945,27.15590005626536,75.44308936224797,126.46437843105201,177.56368499691044
117,23446.89378757515,26.72654438010298,74.86624289265339,126.1422350685364,177.0387431690531
118,23647.294589178357,26.119083164589462,73.79710797685888,125.08634183982596,175.51075337352583
119,23847.695390781562,25.714981524748595,73.24518788213513,124.94807249586634,175.2590853373598
120,24048.09619238477,25.539515558987,73.28607343781894,125.86436638248776,176.4695667218347
121,24248.496993987977,24.960809421863004,72.21885946392989,125.00565261959075,175.23711476128796
122,24448.897795591183,24.77963814349763,72.1875490484264,125.93991051841132,176.4803820849383
123,24649.29859719439,24.768038457990194,72.57321587348241,127.64822922075786,178.79012348776882
124,24849.699398797595,23.795384202135473,70.25465725239317,124.79352233483647,174.80900440509475
125,25050.1002004008,23.855916652695633,70.70328376679149,126.71086587830243,177.40162264990963
126,25250.50100200401,23.35282577737989,69.51691199024997,125.84368892959183,176.15585923041118
127,25450.901803607216,23.35750537297725,69.66229971670117,127.33620941582569,178.1583854304113
128,25651.30260521042,22.711245083029823,67.91491652673027,125.51865563991866,175.6033148932006
129,25851.703406813627,22.37496749398464,66.95365830320942,125.10227610274036,174.97863490500538
130,26052.104208416833,22.382472884008415,66.8798259862755,126.31237288007392,176.59431801687347
131,26252.505010020042,22.50543577433691,67.06260788775145,128.04389966326252,178.93116156569735
132,26452.905811623248,22.35930224565017,66.4369087987662,128.33865791593388,179.2981012845894
133,26653.306613226454,22.398129549088438,66.2693413440925,129.52227661421767,180.89447745585449
134,26853.70741482966,22.157377916110285,65.27945039740254,129.19439718536128,180.42155577424558
135,27054.108216432865,22.078568752684795,64.70143583464588,129.67196660996578,181.0666918586893
136,27254.50901803607,22.09945302152098,64.3658769650821,130.65213901550928,182.414138063409
137,27454.90981963928,22.120494559243333,63.99387185946038,131.59526545888681,183.72034225433086
138,27655.310621242486,21.408082698841255,61.59240978498228,128.51129886668986,179.49605335853278
139,27855.711422845692,20.725546466723877,59.24311093626148,125.43392171255692,175.2821450555938
140,28056.112224448898,20.44955913523036,57.95567556834193,124.42087306051037,173.9070697152298
141,28256.513026052104,20.45541280967224,57.393910963820545,124.85503541328133,174.52458035225868
142,28456.913827655313,20.009747491815197,55.641815902775384,122.77514852530354,171.68869581046326
143,28657.31462925852,20.060927269672057,55.18941958084566,123.36231541803272,172.52368140750713
144,28857.715430861725,19.237455228293214,52.48669865127599,119.07877438086527,166.65759087095566
145,29058.11623246493,19.38248400421147,52.26541516460028,120.01669801605655,167.97061935133718
146,29258.517034068136,19.634093947259643,52.294628512125755,121.45222239424355,169.9638852899576
147,29458.917835671342,19.47810704309667,51.30199118183073,120.57464256220068,168.77003974597335
148,29659.31863727455,19.82231084326743,51.55413447294252,122.39477993105682,171.28523820887267
149,29859.719438877757,19.758950524043357,50.81312235565302,121.92381338097344,170.64352721172088
150,30060.120240480963,20.347346543540944,51.648831312576085,124.96380500242986,174.82860432894628
151,30260.52104208417,20.08877886102883,50.441791175511895,123.2537490553648,172.46730725512396
152,30460.921843687374,19.908864619175155,49.420757748766256,121.84525622552016,170.50984717928196
153,30661.32264529058,20.25397934980564,49.61450866258864,123.15800063573633,172.2858318828571
154,30861.72344689379,20.613249081675562,49.814770855672904,124.41449245971442,173.974598659351
155,31062.124248496995,21.148451931865104,50.39311201882412,126.50467460878673,176.8026575743692
156,31262.5250501002,21.82235143157348,51.25960201702216,129.24208257694548,180.51586210018303
157,31462.925851703407,22.103832378060815,51.238627087652446,129.83970608122212,181.285931616311
158,31663.326653306613,22.675908182970332,51.85445487044082,131.9367465891463,184.1177563405646
159,31863.727454909822,22.543310296028856,50.940176678162196,130.33151121641149,181.8644779078322
160,32064.128256513028,22.15358091970687,49.49866382057654,127.40429954084458,177.79814824939405
161,32264.529058116234,21.99376441953431,48.57056092389977,125.6698612675049,175.37210114539442
162,32464.92985971944,22.0190332826324,48.043156562112365,124.86618328738996,174.22448110608008
163,32665.330661322645,22.272112685475584,47.98696283299456,125.1705828053602,174.59591975508582
164,32865.731462925854,22.080765449686112,47.01839983207134,123.18818779015834,171.82587097655707
165,33066.13226452906,21.948745563508368,46.17989236609597,121.46299324407252,169.40535752363047
166,33266.533066132266,21.4838166979818,44.69229880412603,118.07404726776468,164.7003771589123
167,33466.933867735475,22.001000843095213,45.15437311580543,119.43906938696422,166.50947900799684
168,33667.33466933868,21.851794906205683,44.31026096587898,117.51679795016464,163.8083756201708
169,33867.73547094189,22.559438603200675,45.11400844796836,119.61118791801763,166.60397453679766
170,34068.13627254509,22.038012748921098,43.5700911038147,115.81852477509298,161.3314046974546
171,34268.5370741483,22.013990343809198,42.97442803398506,114.29457437884211,159.15784118157984
172,34468.9378757515,21.75904361129529,41.94662095790091,111.6081798266867,155.38386062891198
173,34669.33867735471,22.51977982440185,42.75630947793623,113.35351441773328,157.65214304897273
174,34869.73947895792,23.200341034179893,43.368260822467015,114.48095571743372,159.05386180920124
175,35070.14028056112,23.593507170149948,43.431400078139504,114.14136104137184,158.43458068143417
176,35270.54108216433,22.95930483504712,41.69894015382265,109.33925097945387,151.72414657148016
177,35470.94188376753,23.858399915719247,42.6377907233163,110.988288236546,153.8005958429636
178,35671.34268537074,24.75857630442254,43.56477305476107,112.54260548806985,155.74268932404982
179,35871.74348697395,26.481285668617865,45.85660493433918,117.3119721980436,162.05069602951497
180,36072.144288577154,27.993206069390936,47.776388103494725,121.12808595737269,167.0615149950003
181,36272.54509018036,28.547048451393046,48.13610857227577,121.22186406172528,167.0306573054361
182,36472.945891783565,29.39536340170985,49.004090495793484,122.52255004354822,168.65033369071486
183,36673.346693386775,30.135952929700657,49.72799467137602,123.49270596264896,169.8376329583592
184,36873.747494989984,31.01750596765944,50.70627318223031,125.0655014957708,171.8571793507361
185,37074.14829659319,31.859663132455346,51.65387754034173,126.57992489310834,173.8163419359856
186,37274.549098196396,32.52803313879258,52.36649596774839,127.5757190989176,175.096197410502
187,37474.9498997996,32.50262360102281,52.04933468182001,126.2574762923783,173.2757933441522
188,37675.35070140281,33.5782432037845,53.48737835903513,129.00017192731332,176.9735926091277
189,37875.75150300601,33.939111253310934,53.87784357502668,129.41931807503832,177.56810808578513
190,38076.15230460922,34.37754459642132,54.44341629379294,130.2972332434996,178.81921430486352
191,38276.55310621243,35.26119740737296,55.74101371952294,132.8710867097447,182.39898715267952
192,38476.95390781563,35.73635317816449,56.45946479341136,134.17128887566844,184.29214583922874
193,38677.35470941884,35.3558487797021,55.91430518234675,132.66896788019767,182.42575185776383
194,38877.75551102204,34.78228921967263,55.11684544445972,130.64145376388598,179.87803539573724
195,39078.15631262525,35.6196085146177,56.52503108412184,133.57540373554366,184.0940699884884
196,39278.55711422846,35.38785349883446,56.33023792355053,132.94020373508243,183.5024176581734
197,39478.95791583166,34.9733530152198,55.882748699730996,131.747147032165,182.18085751455692
198,39679.35871743487,34.73477763770831,55.730238530922584,131.20594959540816,181.77380608623335
199,39879.759519038074,34.06716901934587,54.92785671142897,129.20402912002132,179.3969248258712
200,40080.160320641284,34.529874500324915,55.90005702789886,131.11256094907878,182.39098801577148
201,40280.56112224449,34.224658741461504,55.68218485066382,130.33889526082692,181.7401729200638
202,40480.961923847695,33.61393481659658,54.983673983536875,128.45798948297497,179.58501492543292
203,40681.362725450905,34.08385350251573,55.99200818949485,130.2856258681912,182.55235388594954
204,40881.76352705411,34.43248858031054,56.81191916439578,131.62171023575078,184.87161434676298
205,41082.164328657316,35.78129901904791,59.23028273696926,136.36202097374658,191.9336431815538
206,41282.565130260526,36.31411511014341,60.34537302497336,138.1392779108501,194.92572562298514
207,41482.96593186373,37.28790072605042,62.16701425693608,141.33435254100155,199.9170578314155
208,41683.36673346694,36.99253102152272,61.94156188929276,140.00785339232098,198.6292829365942
209,41883.76753507014,35.63349964601039,59.990029394397396,134.94056940523103,192.10777950003882
210,42084.16833667335,35.50217472685076,60.03795395687333,134.12696344814495,191.53994384138963
211,42284.56913827655,36.2170242323797,61.489191323838,136.23115002499105,195.09421832056984
212,42484.96993987976,37.25859587723603,63.51138131399803,139.4497099080727,200.25746288074993
213,42685.37074148297,37.35700859555004,64.02077026204591,139.43431661535516,200.88108324942021
214,42885.77154308617,37.54880350136061,64.72744318419193,139.79224144599857,202.05474772213336
215,43086.17234468938,36.937425385103495,64.14358877016218,137.48316114166767,199.4478925617352
216,43286.57314629258,36.31763336712263,63.58637489481945,135.24741971906698,196.9456040792085
217,43486.97394789579,36.64409596674231,64.6775292231956,136.3516810603374,199.2401678454657
218,43687.374749499,36.639699849021476,65.2723221327631,136.44110379812284,200.1042243410425
219,43887.775551102204,34.6396735235744,62.479122761544374,129.81565793624293,191.27558778446996
220,44088.17635270541,34.69583158976492,63.272040418448356,130.34814234406053,192.79317749890208
221,44288.577154308616,34.47835439779307,63.64348679370438,130.05861872898254,193.1394334259403
222,44488.977955911825,33.6842721079537,63.03131862185275,127.88029586474558,190.73887577231903
223,44689.378757515035,33.46241552931169,63.470190863713434,127.76811736749758,191.36806908863548
224,44889.77955911824,32.909810015140955,63.33388431919057,126.57467852966934,190.4183265849145
225,45090.180360721446,32.2784408994673,63.06308975837614,125.16577460988411,189.15409500259568
226,45290.58116232465,32.300364313766586,64.02848299511447,126.13516218176645,191.4314599872908
227,45490.98196392786,32.58879282441818,65.53507138255581,128.1402974303973,195.28945484401254
228,45691.38276553106,31.844567364290874,65.07500419300533,126.49862356472758,193.72051990710844
229,45891.78356713427,31.993093877918447,66.35261126957937,128.1378623972418,197.09777598588266
230,46092.18436873748,31.267488773724992,65.90861546657179,126.64084095423392,195.7709049369318
231,46292.58517034068,31.364992019464587,67.11161653865167,128.2379616119233,199.15704731544045
232,46492.98597194389,31.79872658185505,69.03110957575856,131.1950077350158,204.6723737089559
233,46693.38677354709,31.326789670052726,69.09743723768645,130.8260691979381,205.14785215796948
234,46893.7875751503,30.843763022132926,69.12072111615191,130.45061045090802,205.63245558512173
235,47094.18837675351,30.351789205205378,69.09506402151125,130.05410771286978,206.0988054258645
236,47294.58917835671,30.280239756422894,69.9526003098101,131.3179933777122,209.16568537556998
237,47494.98997995992,30.588141486510473,71.63717799085012,134.13061016629396,214.69430025774167
238,47695.390781563125,29.845186689171655,70.95129495717474,132.71940095810527,213.61595435259989
239,47895.791583166334,29.030975925699373,70.02103682868281,130.9170588953869,211.89251793537505
240,48096.19238476954,28.296382613122944,69.18202615662165,129.32034072110594,210.458252001439
241,48296.593186372746,27.694913401633627,68.56498347014308,128.15852928742896,209.68041664719266
242,48496.993987975955,26.528636673037106,66.5319084949765,124.47960923869243,204.81811572443115
243,48697.39478957916,26.045186268628406,66.02802828581923,123.57961315804971,204.36879827608598
244,48897.79559118237,25.411897634004625,65.10260545786326,121.94585043814868,202.69222442098197
245,49098.196392785576,24.10190290491846,62.476658544081545,117.27312050928427,196.01398905373532
246,49298.59719438878,23.384927047985876,61.24378044347932,115.13426585236647,193.39929878415316
247,49498.99799599199,23.048846714974502,60.935540607749545,114.69168302080817,193.52820381808064
248,49699.39879759519,21.962051470305568,58.76074884259262,110.90656425404936,188.11527176897854
249,49899.7995991984,20.921783780025677,56.69075643234116,107.3320301168266,182.98628068894556
250,50100.2004008016,20.525165869143038,56.25971975742526,106.74855203766116,182.77611572310167
251,50300.60120240481,19.621876497142253,54.54611681011728,103.85702169146818,178.68289454743598
252,50501.00200400802,20.133920069042226,56.53035994269208,107.71228208161227,185.8526129375871
253,50701.40280561122,20.36786358679143,57.84530556218783,110.37476438122684,191.03061275340056
254,50901.80360721443,19.741024052783672,56.88071637876325,108.87823013445885,189.1724785379453
255,51102.20440881763,19.382097938844844,56.61027339196411,108.64856289257486,189.40215981954842
256,51302.60521042084,18.33575018285893,54.41709025531014,104.87745762164144,183.5633604657349
257,51503.00601202405,17.81063046369075,53.605226399675864,103.63954917158918,181.96450031481052
258,51703.406813627254,17.05085182663781,52.09163167121436,101.1059560674555,178.10173972051257
259,51903.807615230464,16.93774259832741,52.38065748428624,101.91923862572588,179.91733939006858
260,52104.208416833666,16.42913751343545,51.5105252563487,100.59990086907274,178.04562138039967
261,52304.609218436875,16.709299150570835,52.9033278023875,103.51578437899767,183.414211649225
262,52505.010020040085,16.28734644776572,52.18863704320999,102.52047789548553,182.02388757169612
263,52705.41082164329,16.295063786998575,52.675938213765384,103.79239127238708,184.49858189678258
264,52905.811623246496,16.1829223696259,52.72788055517562,104.26908940796439,185.56450121777533
265,53106.2124248497,15.863882397044023,52.064621903899734,103.41530799541042,184.29245157083747
266,53306.61322645291,16.000161508783144,52.69083783563439,105.02505134833086,187.24324496695905
267,53507.01402805611,16.355062640626215,53.885856092298354,107.75167751543137,192.09393691506088
268,53707.41482965932,16.51757698088862,54.38858971335746,109.19590192477527,194.69205644838087
269,53907.81563126253,16.225377573000912,53.4008632022813,107.80945460348215,192.35558862127002
270,54108.21643286573,16.16350059896279,53.028760406672454,107.62784712704317,192.08147558477728
271,54308.61723446894,15.836278145061378,51.766805635724715,105.7411448541011,188.82959438342553
272,54509.01803607214,16.416384533417272,53.17331809051353,109.07519233308273,194.61134117758417
273,54709.41883767535,16.565914863599943,53.19212787698237,109.7427866773632,195.75570835045022
274,54909.81963927856,16.317537975042605,51.953316897666845,107.95299603369617,192.62843263369862
275,55110.22044088176,16.442584804788147,51.753564164836895,108.22161207602616,193.05778929197845
276,55310.62124248497,16.571250189064244,51.47907479250995,108.34676935760245,193.22442700521557
277,55511.022044088175,17.359234877278865,52.99616783888273,112.0704629551871,199.60703956617402
278,55711.422845691384,17.671541773576024,53.02332817015784,112.80255966294925,200.78610538532544
279,55911.823647294594,17.73946262627551,52.26756077493964,111.92141192908419,199.15294317598313
280,56112.224448897796,18.14040960507606,52.34187883732102,112.69671938251128,200.36818284623052
281,56312.625250501005,18.058152496608365,51.03999862854378,110.61130681099957,196.62130919306813
282,56513.02605210421,18.351422037076404,50.68264446807875,110.4140488014791,196.12323778496494
283,56713.42685370742,18.98444988052576,51.12228137191194,111.81816058952798,198.36967965345076
284,56913.827655310626,20.113581594301067,52.687800257098374,115.51645071869116,204.5419229411428
285,57114.22845691383,20.88073834164141,53.219408420996054,117.00054583802898,206.85709432825178
286,57314.62925851704,21.33982100462903,52.9215535781894,116.66797185558322,206.00706345892593
287,57515.03006012024,22.2124638965878,53.52514340760042,118.14210601547191,208.22775764277404
288,57715.43086172345,24.05581414400669,56.22194084276785,123.9421629535467,217.82866774896746
289,57915.83166332665,25.663809372888352,58.255800840253016,128.2927349853816,224.89548005921245
290,58116.23246492986,26.77869410423631,59.151150357650806,130.19849112017747,227.7445973106693
291,58316.63326653307,26.842105370037018,57.85388037419824,127.45150498674585,222.63607529245388
292,58517.03406813627,28.343097331014512,59.537872313353255,130.9276885189992,228.12315286250353
293,58717.43486973948,29.047294302280086,59.60392854854309,130.96803765091278,227.73716902659487
294,58917.835671342684,29.29092672226814,58.80819814112961,129.1718328840875,224.2225874770985
295,59118.23647294589,29.378105797023643,57.783681165683966,126.88323657007177,219.87571299587384
296,59318.6372745491,30.56559659925489,58.87990532046706,129.0348838234678,223.0355548989096
297,59519.038076152305,31.58687774951484,59.68347186488701,130.58959145704443,225.176191045635
298,59719.438877755514,32.23983643413959,59.85065649111306,130.84252187730257,225.12036312607003
299,59919.839679358716,33.09535542197074,60.41347567566811,131.9506947663847,226.49641231881623
300,60120.240480961926,33.15731777964204,59.6190278115305,130.25665160052154,223.16695537830918
301,60320.641282565135,33.184938688068996,58.81905482874919,128.57800545862938,219.86352753319952
302,60521.04208416834,33.259515668478144,58.14626102831616,127.18907904511187,217.03955517886095
303,60721.44288577155,32.98380086664174,56.930563047285666,124.69135785407661,212.363916748566
304,60921.84368737475,33.129453250420816,56.460872991485154,123.77095310324714,210.3039321353161
305,61122.24448897796,33.54780991937652,56.467497549165856,123.86562890170008,209.90898382501507
306,61322.64529058116,33.3654467755955,55.52864920429653,122.00659025059178,206.2661219414045
307,61523.04609218437,32.75612456803272,53.950938394166045,118.8267070687943,200.4417946038447
308,61723.44689378758,32.25176586545373,52.58914493286684,116.10294989128744,195.36823857537988
309,61923.84769539078,31.999574768164173,51.663434170976366,114.28987968469818,191.78138558802465
310,62124.24849699399,31.4792256564498,50.356770658581084,111.67390971655179,186.8748778879272
311,62324.64929859719,31.356775311653436,49.69941762141001,110.41087278252017,184.16665602528138
312,62525.0501002004,31.307590706819674,49.18054005310319,109.42675112210651,181.8961040211501
313,62725.45090180361,31.1613741381127,48.541340384528716,108.17667621905275,179.18211673962122
314,62925.85170340681,32.13930396299893,49.61212234692935,110.51172646432619,182.22421505072163
315,63126.25250501002,31.801845852410352,48.74313700243188,108.76918343484242,178.69728719301798
316,63326.653306613225,31.65533568826858,48.19909221458268,107.71705238139653,176.28847987161896
317,63527.054108216435,31.740189442185162,48.035235422333464,107.47774420002702,175.18505216159093
318,63727.454909819644,32.834489744277455,49.37891074741555,110.4289045294096,179.13527906671132
319,63927.855711422846,32.669717891099225,48.9181823444695,109.58515150219648,177.07340848060645
320,64128.256513026055,31.787297948158084,47.45747590493721,106.63068626111132,171.71439167548863
321,64328.65731462926,31.224848215753973,46.49926136100395,104.73263055173692,168.04926375954298
322,64529.05811623247,31.817013908355015,47.23512506457802,106.4109688400961,169.98255601414093
323,64729.45891783568,33.620665513332604,49.73245623461373,111.80876288070351,177.66929820045578
324,64929.85971943888,34.68307541219861,51.18407536107282,114.96938597146209,181.83521685538327
325,65130.26052104209,36.57139475253913,53.8368432804813,120.64236560865135,189.83021736030085
326,65330.66132264529,36.8363488815304,54.18779096973765,121.39340903685004,190.21224974646438
327,65531.0621242485,36.600132285592224,53.849163005322566,120.64380381003028,188.29983107471156
328,65731.46292585171,36.99907349851555,54.450725028505595,121.85529463601932,189.3921801105302
329,65931.86372745491,38.15240150522634,56.16951117361013,125.40352027910411,194.02935535940532
330,66132.26452905811,38.235028824179544,56.39600122004298,125.76210014351517,193.82898020658925
331,66332.66533066133,37.21077096338112,55.07037254259896,122.807842349904,188.65806557162676
332,66533.06613226453,36.82869627579177,54.69994469216297,121.83343766699247,186.50260473305073
333,66733.46693386773,37.27920010902877,55.566687756830014,123.41593318283645,188.19077521225648
334,66933.86773547095,36.64296466598129,54.89499539224594,121.70803212277494,184.97590673367844
335,67134.26853707415,35.78956641409608,53.934407293530946,119.35070320009626,180.82792282213202
336,67334.66933867735,37.035097963500704,56.08111342119369,123.44063694808074,186.2541401399374
337,67535.07014028056,38.26531138589167,58.26772496294934,127.5407137756878,191.67422778254087
338,67735.47094188377,39.53869167541446,60.58641356321899,131.84312811002457,197.37475112682438
339,67935.87174348698,40.80667995643244,62.970158276219244,136.2076558528353,203.15103797602478
340,68136.27254509018,41.02986226462526,63.85137483485659,137.41449281024526,204.3011241841215
341,68336.6733466934,41.28892930935596,64.83591970441765,138.78541830774657,205.70445273477222
342,68537.0741482966,41.797228709224754,66.24790577671124,140.97356755606117,208.30640187911465
343,68737.4749498998,40.769621039478444,65.32107315579114,138.36749980998314,203.9651192322147
344,68937.875751503,40.36544098238196,65.36707817748831,137.71182359339625,202.48394810198653
345,69138.27655310622,38.140801604941686,62.54224747905974,131.2927338586281,192.7211584478094
346,69338.67735470942,37.1182628158786,61.59049649012842,128.65808664606044,188.47216344219342
347,69539.07815631262,37.122873938478534,62.28211531600104,129.29593094146003,188.96348005498152
348,69739.47895791584,37.11424177753824,62.965035425831076,129.9040630185858,189.4343997872974
349,69939.87975951904,38.016992351366135,65.16236866274016,133.47004177503328,194.1583761282039
350,70140.28056112224,36.868644781832856,63.977208969849514,130.41646493685192,189.44352963346404
351,70340.68136272546,37.16543143986934,65.19475777070994,132.05847280952153,191.4636247617979
352,70541.08216432866,35.58326592597475,63.227972072490466,127.56408404738377,184.77472810414253
353,70741.48296593186,35.57078336243218,63.91686590026519,128.2281590383986,185.46554073025618
354,70941.88376753507,34.21356177963926,62.27894060894058,124.47685942782576,179.92028939158686
355,71142.28456913828,33.05068511832304,60.95073234652387,121.38327200453608,175.35338447980604
356,71342.68537074148,32.43690325116295,60.57501786164561,120.1532091373441,173.46794783090357
357,71543.08617234469,33.732639289913735,63.63064608609149,125.42965435519027,180.82929748317736
358,71743.4869739479,32.56697144943858,62.27262373944443,122.4060273480264,176.4611082695336
359,71943.8877755511,32.12388588638207,62.20741704496861,121.84165284975025,175.59922767356045
360,72144.28857715431,32.28048447137851,63.24916414853461,123.36050486251764,177.7052638513838
361,72344.68937875751,32.42663169876836,64.28591347560929,124.87421606009254,179.82249546983206
362,72545.09018036073,31.933800109715534,64.11866468281919,124.16127175918167,178.80854310666524
363,72745.49098196393,32.201190153905905,65.4039509495934,126.14862644236848,181.63183795337872
364,72945.89178356713,31.22600575728734,64.28003032219709,123.69640626987618,178.19088994037944
365,73146.29258517035,31.318924271621754,65.22306017082097,125.06348341138873,180.16837605514377
366,73346.69338677355,30.961720119122916,65.26718272089802,124.7814566251189,179.8259160811889
367,73547.09418837675,31.54233846240824,67.17396534147709,127.9025182562856,184.31249791739634
368,73747.49498997997,30.85379654267414,66.4879726358748,126.27497037086229,182.0824897320319
369,73947.89579158317,29.95893504124789,65.31076537017421,123.75340913207933,178.5891731009944
370,74148.29659318637,29.811780277945573,65.61333526370812,123.91799974635602,178.90845747087684
371,74348.69739478957,29.55094908971307,65.63237483930794,123.56551029415132,178.50402052417914
372,74549.09819639279,29.53928234074869,66.12725640170731,124.0697566048946,179.32629988014148
373,74749.498997996,29.119548772317422,65.71276212091007,122.9404535110551,177.84263966667567
374,74949.8997995992,27.919366321712864,63.57824627723972,118.7456409751453,172.01536272313797
375,75150.30060120241,27.26466317155394,62.55026748229381,116.55588649111405,169.04755371562047
376,75350.70140280561,27.674395215552053,63.77154445742251,118.38539120628194,171.81296387087286
377,75551.10220440882,26.80162982184899,62.17305554581341,115.20523681430276,167.45836257254987
378,75751.50300601202,28.191743370060095,65.45072262095121,120.66996023686852,175.44196600384444
379,75951.90380761524,27.98880741381599,65.21665588939065,119.90722723355962,174.55988528010124
380,76152.30460921844,28.376709087069884,66.23046852480181,121.342756179209,176.83093441937592
381,76352.70541082164,28.585541416878485,66.81385889861424,122.01589929826541,178.027851989665
382,76553.10621242486,28.442397363626547,66.58955243147639,121.27539718955302,177.2132781515065
383,76753.50701402806,28.31734084772686,66.37316944204358,120.55732468712492,176.44035089662654
384,76953.90781563126,28.3934625958178,66.56954025307911,120.56622062691292,176.72063688811144
385,77154.30861723448,28.979554150886287,67.85918435795989,122.4778157032591,179.7500876825026
386,77354.70941883768,30.220326756311493,70.55943670685471,126.82776502730877,186.3122020722974
387,77555.11022044088,30.706990021507416,71.5718470098771,128.2489341894113,188.66922949211443
388,77755.51102204408,30.981501194708052,72.09175605648474,128.8248987113,189.81461016349175
389,77955.9118236473,31.523062957909595,73.17174796638125,130.3728742204312,192.37406465172802
390,78156.3126252505,32.0253394156219,74.13689197830799,131.72924227939552,194.66232967740797
391,78356.7134268537,32.79282575854846,75.65063160508667,134.03202521089298,198.32970010354927
392,78557.11422845692,33.96859834460935,78.02276976070914,137.80866587844667,204.14931216895405
393,78757.51503006012,34.60462844084626,79.18989956009946,139.53652894039564,206.99215033754743
394,78957.91583166333,33.73385896378192,77.0684375174203,135.68192148297038,201.68088842755958
395,79158.31663326653,33.33731206223817,75.96156915236688,133.58578658281726,198.91437040569426
396,79358.71743486974,33.270511363477794,75.55395439671003,132.70738297329288,197.91192666547346
397,79559.11823647295,33.53182841937279,75.83977836252984,133.03501554345462,198.664233858934
398,79759.51903807615,32.998936349142355,74.42094953707914,130.50525038714324,195.21156854054635
399,79959.91983967937,32.74536474567545,73.59487142122501,129.0111297086016,193.2596438549094
400,80160.32064128257,32.85701163688705,73.53122619542009,128.832830236845,193.22361170234547
401,80360.72144288577,32.98260954184081,73.47437016722176,128.68570532382378,193.21412904361614
402,80561.12224448899,32.70311197082933,72.54172949582968,127.07419293572721,191.0239998641012
403,80761.52304609219,32.49575187291308,71.74284736530817,125.70464002806685,189.16673821796982
404,80961.92384769539,32.304853535748,70.96603360169377,124.38965225209131,187.36976988278272
405,81162.32464929859,32.91341555194769,71.82994787110407,125.86533056668027,189.6796306416083
406,81362.72545090181,33.037671985124504,71.67568179845783,125.63793721538458,189.4611100618729
407,81563.12625250501,33.42039032290246,72.03626224583998,126.29834093444067,190.5450998549236
408,81763.52705410821,33.99965940964191,72.77774946132152,127.62046493591578,192.601106428543
409,81963.92785571143,35.82967849329869,76.01619024892246,133.18672351682102,200.9373397484536
410,82164.32865731463,36.076298594166985,76.02825103569086,133.3075950618846,201.207345840159
411,82364.72945891783,36.14317453643588,75.66240006272233,132.79745259625807,200.53652476061285
412,82565.13026052105,35.634412916660295,74.13910684740185,130.3270645979179,196.95236031288448
413,82765.53106212425,34.72400584392638,71.81803803696091,126.4960437259398,191.3395288264761
414,82965.93186372746,34.806963654069406,71.42717363419688,125.9300138420606,190.556473270019
415,83166.33266533066,34.913516663700186,71.04366578092731,125.35842491491982,189.75075075032066
416,83366.73346693387,35.88716918387695,72.27880889692358,127.516744806432,192.98013141741438
417,83567.13426853708,36.20039749702805,72.1951689095033,127.40826677573456,192.83043408754878
418,83767.53507014028,37.23887278134994,73.44296927066178,129.54660888546977,196.00523706815244
419,83967.9358717435,36.70274356058617,71.72266758653645,126.62510278283936,191.6677087222988
420,84168.3366733467,35.761682007851874,69.28883308615681,122.48845561454283,185.53061303462533
421,84368.7374749499,36.00687409526788,69.0763746111518,122.13739701751621,185.02082127193984
422,84569.1382765531,36.187556171211554,68.77340955233296,121.6447016332447,184.3146300255848
423,84769.53907815632,36.75129331204611,69.19397057325838,122.40145435752913,185.48122842534232
424,84969.93987975952,37.8274803121902,70.55772097605413,124.78677899895044,189.0878128534143
425,85170.34068136272,39.28805250427004,72.62437906698383,128.3971322318099,194.53995716739834
426,85370.74148296594,40.48093597891184,74.24141220652578,131.2713880848974,198.92639143497863
427,85571.14228456914,40.91134177252243,74.55614514076493,131.9503203918338,200.0735898908935
428,85771.54308617234,41.421950239635684,75.05156871093106,132.95787214208187,201.72961801082747
429,85971.94388777556,42.64146394151926,76.8097002336964,136.14305010401648,206.6476971918717
430,86172.34468937876,41.619316689288304,74.73507422928824,132.77891683164265,201.81955302515584
431,86372.74549098196,41.81106032324605,74.79774971077562,133.08291637522643,202.46885927574306
432,86573.14629258517,40.88712791313321,72.98830134113604,130.17607452628982,198.32999243405956
433,86773.54709418838,39.78709587225488,70.92053813323149,126.81809685027038,193.51298916048864
434,86973.94789579159,38.930185248749005,69.303449091125,124.22468546223968,189.83197417314767
435,87174.34869739479,38.91519627776061,69.14599823393169,124.13688071749544,189.89582355791597
436,87374.749498998,38.46010605405509,68.26055833679062,122.78012981539324,188.05019241770754
437,87575.1503006012,39.450533088213916,69.843378095225,125.6795981144189,192.5830693006797
438,87775.55110220441,40.11116828218929,70.87818820947376,127.62266069400764,195.676123349359
439,87975.95190380761,40.23880432452783,71.02227934694545,128.01035497962684,196.4225247024922
440,88176.35270541083,41.080277456930716,72.38373915789195,130.49693675521092,200.31434172624665
441,88376.75350701403,42.467777257734056,74.67456903559965,134.58594343104863,206.60759954745572
442,88577.15430861723,43.3198453006877,76.06594707337537,137.09907930747335,210.513620391754
443,88777.55511022045,43.98501733907401,77.14586908385692,139.0548554220661,213.5606416817168
444,88977.95591182365,44.70619519816412,78.3251805237501,141.1692854299177,216.8261322612077
445,89178.35671342685,45.45829447056542,79.5670824389316,143.38576977681797,220.2272550349179
446,89378.75751503007,46.84982377210513,81.90443936200305,147.5125969907055,226.49602351462875
447,89579.15831663327,46.91657842637504,82.03149093647288,147.79873051513658,226.95676500344598
448,89779.55911823647,46.60279872013131,81.53558427348307,147.00435467910864,225.7690575636384
449,89979.95991983968,46.452911072441914,81.32553922273698,146.70566610182442,225.30459251605873
450,90180.36072144289,45.02758156806176,78.9657014750721,142.64914258529296,219.14082199837827
451,90380.7615230461,43.97477668370653,77.23030547849211,139.66857876534928,214.5695972421099
452,90581.1623246493,44.62284108731739,78.3615890683607,141.67798167087528,217.4893758303664
453,90781.56312625251,43.95667565938927,77.27134202349339,139.80326737821184,214.5215945564726
454,90981.96392785572,43.64257579716366,76.77763048182547,138.96817252252035,213.0932803553854
455,91182.36472945892,42.189413206531405,74.36842189376983,134.7976702733644,206.62820787596144
456,91382.76553106212,41.99059012441942,74.09650305796904,134.37571463360365,205.79018920849578
457,91583.16633266534,42.54111440847017,75.11607170361285,136.23403929073174,208.36340021432147
458,91783.56713426854,41.780713650792606,73.94030070886278,134.28320431690503,205.20912711503723
459,91983.96793587174,40.06481748176236,71.16309282111007,129.55399311514736,197.89038110885576
460,92184.36873747496,39.84688679830417,70.94967916827612,129.3329753650254,197.32189401634122
461,92384.76953907816,39.29591095027542,70.1911668355068,128.1805360224231,195.35342735311804
462,92585.17034068136,40.500483389622275,72.45507026630935,132.3571143371068,201.33116016830485
463,92785.57114228458,39.04512704332587,70.18794879802618,128.59415103646677,195.45032648218165
464,92985.97194388778,39.25369788374832,70.78835589585907,129.88725505678286,197.09609127046096
465,93186.37274549098,40.19209261321183,72.66671177642556,133.45029861920708,202.09480687428078
466,93386.77354709418,39.2644142340437,71.33151961786146,131.34549191941346,198.65160577542255
467,93587.1743486974,40.1545600206798,73.15665211975869,134.83237174720185,203.4841325921421
468,93787.5751503006,42.57139495704431,77.6675658518275,143.0954261038267,215.34532102806838
469,93987.9759519038,42.956777259994,78.6539767652198,145.11256924654953,217.92665276403517
470,94188.37675350702,42.657792616481885,78.44480131316976,144.9948387347733,217.33401622002643
471,94388.77755511022,40.93628817667228,75.7183210085809,140.36806033708945,210.09310058573692
472,94589.17835671343,41.360879531807726,76.77451623490786,142.46224882698544,212.72448979502929
473,94789.57915831663,39.47279833464595,73.7168512503078,137.17833692804564,204.52131267768232
474,94989.97995991984,38.554266252871045,72.37055219119101,134.92296913203774,200.763772809337
475,95190.38076152305,38.703720879844376,72.93776381876529,136.0715434882632,201.9747191554337
476,95390.78156312625,39.31280020478585,74.35157820755754,138.72269782420054,205.3589710527264
477,95591.18236472947,38.754043321937374,73.68525489133158,137.63139459242024,203.2933890375167
478,95791.58316633267,38.65769744787682,73.88220764621809,138.08066196689424,203.46984670826922
479,95991.98396793587,39.94319354793696,76.64205111576756,143.1321790845929,210.30133391286137
480,96192.38476953909,40.84908007029474,78.77509629214484,147.06450949056165,215.49903603092162
481,96392.78557114229,41.17968823798588,79.91218700654863,149.2145481690214,218.12257037652256
482,96593.18637274549,42.141826051108204,82.27953922187118,153.5858983633917,223.93706862480312
483,96793.5871743487,41.84329849427937,82.34518654823242,153.8183464652774,223.80898783980342
484,96993.98797595191,41.832274975448534,82.9763419183395,155.06993465791803,225.14947949561875
485,97194.38877755511,40.566273748619075,81.232552885764,152.03501616666594,220.3745636943908
486,97394.78957915831,41.090698404253025,82.8954992494103,155.13837110910202,224.36965568348506
487,97595.19038076153,41.69209997303504,84.71861182519119,158.529062333461,228.76524371460727
488,97795.59118236473,40.78545639445001,83.60803632081185,156.62141803038946,225.6320594654498
489,97995.99198396794,40.8092862925228,84.28752156731416,157.95340125821684,227.11175089605757
490,98196.39278557115,39.358908091299796,82.03540149609007,153.99297187771327,221.11188465825484
491,98396.79358717435,37.988370845135755,79.88602943436666,150.2269662126522,215.42013479034273
492,98597.19438877756,38.2916309787653,81.0412587994437,152.46122143582426,218.2222198282791
493,98797.59519038076,37.282216823514894,79.53836022327573,149.89810957855155,214.27591245403195
494,98997.99599198397,36.897256999745686,79.26742248255889,149.59214679077704,213.53133666614198
495,99198.39679358718,36.61151735475993,79.18411885654402,149.6557070398726,213.32545232316576
496,99398.79759519038,35.33357876700289,77.05176714190456,146.0180541532032,207.94769367061156
497,99599.1983967936,33.951151469044156,74.67356791425502,141.9505751741483,201.99843692116687
498,99799.5991983968,33.66311328699734,74.54430901154302,142.00882202154497,201.85153227992973
499,100000.0,32.523774795839586,72.62604024235097,138.81276884757827,197.16901055280425
